Region;name;Key;population_to_use_2010;population_to_use_2020;population_to_use_2030;population_to_use_2040;population_to_use_2050;population_to_use_2060;population_to_use_2070;population_to_use_2080;population_to_use_2090;population_to_use_2100;urban_share_2010;urban_share_2020;urban_share_2030;urban_share_2040;urban_share_2050;urban_share_2060;urban_share_2070;urban_share_2080;urban_share_2090;urban_share_2100;urbanpop2010;urbanpop2020;urbanpop2030;urbanpop2040;urbanpop2050;urbanpop2060;urbanpop2070;urbanpop2080;urbanpop2090;urbanpop2100;urbangrowthrate2020;urbangrowthrate2030;urbangrowthrate2040;urbangrowthrate2050;urbangrowthrate2060;urbangrowthrate2070;urbangrowthrate2080;urbangrowthrate2090;urbangrowthrate2100;Values
ABW;Aruba;SSP4_ABW;0.107;0.124;0.135;0.142;0.147;0.148;0.147;0.14;0.131;0.118;46.872;53.452;59.071;63.777;67.692;70.949;73.672;75.963;77.905;79.565;0.05015304;0.06628048;0.07974585;0.09056334;0.09950724;0.10500452;0.10829784;0.1063482;0.10205555;0.0938867;1.32156456;1.2031574;1.13564957;1.0987585;1.05524503;1.0313636;0.981997425;0.959635894;0.919956827;ABW
AFG;Afghanistan;SSP4_AFG;31.412;41.6;55.153;70.545;87.831;105.685;123.324;140.76;157.181;171.515;22.6;31.33;40.67;49.718;57.842;64.784;70.552;75.285;79.154;82.324;7.099112;13.03328;22.4307251;35.0735631;50.803207;68.4669704;87.0075485;105.971166;124.415049;141.198009;1.83590286;1.72103454;1.56363929;1.44847579;1.34768993;1.27079595;1.2179537;1.17404624;1.13489493;AFG
AGO;Angola;SSP4_AGO;19.082;25.588;33.626;41.752;50.051;57.841;64.645;70.586;75.517;79.222;58.504;66.397;73.662;79.978;85.183;89.279;92.378;94.654;96.288;97.44;11.1637333;16.9896644;24.7695841;33.3924146;42.6349433;51.6398664;59.7177581;66.8124724;72.713809;77.1939168;1.52186226;1.45792074;1.34812173;1.27678528;1.21120992;1.15642743;1.1188041;1.08832687;1.06161289;AGO
ALB;Albania;SSP4_ALB;3.204;3.248;3.225;3.141;3.004;2.824;2.593;2.314;2.019;1.743;51.911;61.34;69.517;76.278;81.695;85.95;89.251;91.793;93.742;95.231;1.66322844;1.9923232;2.24192325;2.39589198;2.4541178;2.427228;2.31427843;2.12409002;1.89265098;1.65987633;1.19786504;1.1252809;1.06867707;1.02430236;0.989042987;0.953465612;0.917819564;0.891040851;0.877011318;ALB
ARE;United Arab Emirates;SSP4_ARE;7.512;10.985;13.14;14.893;16.119;16.738;16.599;15.791;14.634;13.229;84.05;86.561;88.72;90.562;92.125;93.443;94.551;95.479;96.254;96.9;6.313836;9.50872585;11.657808;13.4873987;14.8496288;15.6404893;15.6945205;15.0770889;14.0858104;12.818901;1.50601407;1.22601158;1.15694122;1.10100021;1.05325794;1.00345457;0.960659416;0.934252657;0.910057758;ARE
ARG;Argentina;SSP4_ARG;40.412;43.233;45.018;45.891;45.734;44.649;42.8;40.352;37.593;34.708;92.393;94.084;95.418;96.462;97.275;97.906;98.392;98.768;99.056;99.277;37.3378592;40.6753357;42.9552752;44.2673764;44.4877485;43.7140499;42.111776;39.8548634;37.2381221;34.4570612;1.08938586;1.05605214;1.03054575;1.00497821;0.982608727;0.963346477;0.946406615;0.934343238;0.925316832;ARG
ARM;Armenia;SSP4_ARM;3.092;3.012;2.847;2.647;2.401;2.141;1.896;1.655;1.439;1.263;64.191;72.251;78.011;82.198;85.319;87.705;89.57;91.058;92.266;93.26;1.98478572;2.17620012;2.22097317;2.17578106;2.04850919;1.87776405;1.6982472;1.5070099;1.32770774;1.1778738;1.09644084;1.02057396;0.979652113;0.941505204;0.916649073;0.904398612;0.887391364;0.881021246;0.887148402;ARM
AUS;Australia;SSP4_AUS;22.268;25.807;28.963;31.706;34.087;35.983;37.062;37.22;36.405;34.59;89.108;90.753;92.171;93.387;94.426;95.31;96.059;96.693;97.228;97.679;19.8425694;23.4206267;26.6954867;29.6092822;32.1869906;34.2953973;35.6013866;35.9891346;35.3958534;33.7871661;1.18032228;1.13982803;1.10914937;1.08705744;1.06550493;1.0380806;1.01089137;0.983514991;0.954551532;AUS
AUT;Austria;SSP4_AUT;8.394;8.645;8.784;8.811;8.73;8.501;8.118;7.633;7.054;6.387;67.553;70.922;73.986;76.759;79.257;81.5;83.508;85.304;86.907;88.337;5.67039882;6.1312069;6.49893024;6.76323549;6.9191361;6.928315;6.77917944;6.51125432;6.13041978;5.64208419;1.08126555;1.05997569;1.04066904;1.02305119;1.0013266;0.978474483;0.960478237;0.94151134;0.920342227;AUT
AZE;Azerbaijan;SSP4_AZE;9.188;10.017;10.329;10.376;10.103;9.585;8.904;8.075;7.246;6.457;51.931;60.56;68.069;74.36;79.506;83.656;86.978;89.625;91.732;93.408;4.77142028;6.0662952;7.03084701;7.7155936;8.03249118;8.0184276;7.74452112;7.23721875;6.64690072;6.03135456;1.27138144;1.15900179;1.09739176;1.04107235;0.998249163;0.965840375;0.934495321;0.918433026;0.907393508;AZE
BDI;Burundi;SSP4_BDI;8.382;11.015;13.505;15.808;18.099;20.078;21.618;22.878;23.673;23.982;10.999;17.027;25.117;34.941;45.631;56.107;65.511;73.416;79.772;84.734;0.92193618;1.87552405;3.39205085;5.52347328;8.25875469;11.2651635;14.162168;16.7961125;18.8844256;20.3209079;2.03433176;1.8085883;1.62835804;1.4952104;1.36402689;1.25716489;1.18598455;1.12433312;1.07606704;BDI
BEL;Belgium;SSP4_BEL;10.712;11.176;11.473;11.654;11.671;11.514;11.193;10.733;10.127;9.368;97.411;97.677;97.917;98.132;98.325;98.499;98.655;98.795;98.92;99.033;10.4346663;10.9163815;11.2340174;11.4363033;11.4755107;11.3411749;11.0424541;10.6036674;10.0176284;9.27741144;1.04616489;1.02909718;1.01800655;1.00342833;0.98829369;0.973660515;0.960263652;0.944732428;0.926108563;BEL
BEN;Benin;SSP4_BEN;8.85;11.678;14.821;17.977;21.015;23.8;26.218;28.263;29.858;31.062;42.044;52.027;60.923;68.409;74.508;79.401;83.304;86.419;88.913;90.919;3.720894;6.07571306;9.02939783;12.2978859;15.6578562;18.897438;21.8406427;24.424602;26.5476435;28.2412598;1.63286378;1.48614619;1.36198295;1.27321527;1.20689817;1.15574623;1.11830967;1.08692226;1.06379535;BEN
BFA;Burkina Faso;SSP4_BFA;16.469;22.162;29.254;37.314;45.887;54.358;62.426;70.056;77.105;83.493;25.689;38.644;51.998;63.765;73.137;80.213;85.433;89.256;92.055;94.11;4.23072141;8.56428328;15.2114949;23.7932721;33.5603752;43.6021825;53.3324046;62.5291834;70.9790078;78.5752623;2.02430802;1.77615504;1.56416396;1.41049852;1.29921618;1.22315906;1.17244261;1.13513409;1.10702114;BFA
BGD;Bangladesh;SSP4_BGD;148.692;163.885;174.36;178.799;177.054;169.807;158.655;144.943;130.215;115.847;28.067;38.149;48.543;58.261;66.706;73.697;79.319;83.769;87.263;89.999;41.7333836;62.5204886;84.6395748;104.170085;118.105641;125.142665;125.843559;121.417302;113.629515;104.261142;1.49809297;1.3537894;1.23074916;1.13377695;1.05958245;1.00560077;0.9648273;0.935859337;0.917553341;BGD
BGR;Bulgaria;SSP4_BGR;7.494;7.035;6.639;6.286;5.946;5.59;5.171;4.714;4.255;3.798;71.458;79.108;83.842;86.983;89.194;90.824;92.069;93.049;93.838;94.487;5.35506252;5.5652478;5.56627038;5.46775138;5.30347524;5.0770616;4.76088799;4.38632986;3.9928069;3.58861626;1.03924983;1.00018374;0.982300716;0.969955448;0.957308438;0.937725079;0.921325994;0.91028423;0.898770301;BGR
BHR;Bahrain;SSP4_BHR;1.262;1.87;2.306;2.698;3.023;3.242;3.335;3.315;3.208;3.021;88.614;91.709;93.579;94.824;95.71;96.37;96.881;97.287;97.616;97.889;1.11830868;1.7149583;2.15793174;2.55835152;2.8933133;3.1243154;3.23098135;3.22506405;3.13152128;2.95722669;1.53352856;1.25829983;1.1855572;1.13092876;1.07983999;1.03414058;0.998168575;0.970995066;0.944341879;BHR
BHS;Bahamas;SSP4_BHS;0.343;0.384;0.415;0.435;0.443;0.441;0.427;0.403;0.372;0.339;84.099;88.311;90.695;92.218;93.271;94.04;94.625;95.085;95.455;95.759;0.28845957;0.33911424;0.37638425;0.4011483;0.41319053;0.4147164;0.40404875;0.38319255;0.3550926;0.32462301;1.17560405;1.109904;1.0657946;1.0300194;1.0036929;0.974277241;0.948381971;0.926668851;0.914192551;BHS
BIH;Bosnia and Herzegovina;SSP4_BIH;3.76;3.699;3.566;3.371;3.117;2.828;2.513;2.19;1.89;1.629;48.621;57.792;65.912;72.775;78.402;82.931;86.536;89.389;91.639;93.412;1.8281496;2.13772608;2.35042192;2.45324525;2.44379034;2.34528868;2.17464968;1.9576191;1.7319771;1.52168148;1.1693387;1.0994963;1.04374675;0.996145958;0.959693081;0.927241793;0.900199751;0.884736515;0.8785806;BIH
BLR;Belarus;SSP4_BLR;9.595;9.199;8.718;8.209;7.641;7.015;6.355;5.682;5.044;4.464;74.695;81.959;86.088;88.701;90.487;91.78;92.756;93.518;94.128;94.628;7.16698525;7.53940841;7.50515184;7.28146509;6.91411167;6.438367;5.8946438;5.31369276;4.74781632;4.22419392;1.05196371;0.995456332;0.970195573;0.949549518;0.931192221;0.915549517;0.90144425;0.893505992;0.889713004;BLR
BLZ;Belize;SSP4_BLZ;0.312;0.372;0.426;0.473;0.516;0.556;0.594;0.637;0.685;0.741;52.249;60.892;68.256;74.326;79.243;83.195;86.365;88.909;90.957;92.61;0.16301688;0.22651824;0.29077056;0.35156198;0.40889388;0.4625642;0.5130081;0.56635033;0.62305545;0.6862401;1.38953856;1.28365186;1.20907007;1.16307765;1.13125733;1.10905275;1.10397931;1.10012375;1.10141096;BLZ
BOL;Bolivia;SSP4_BOL;9.93;11.669;13.603;15.454;17.24;18.864;20.402;21.934;23.525;25.181;66.545;72.855;77.86;81.826;84.983;87.514;89.561;91.229;92.6;93.733;6.6079185;8.50144995;10.5912958;12.64539;14.6510692;16.508641;18.2722352;20.0101689;21.78415;23.6029067;1.2865549;1.24582228;1.19394173;1.15860951;1.12678745;1.10682856;1.09511336;1.08865398;1.08348991;BOL
BRA;Brazil;SSP4_BRA;194.946;209.12;217.314;219.05;214.595;204.524;190.044;172.505;153.654;135.051;86.529;88.709;90.218;91.32;92.157;92.811;93.336;93.766;94.123;94.423;168.684824;185.508261;196.056345;200.03646;197.764314;189.82077;177.379468;161.751038;144.623754;127.519206;1.09973296;1.05686045;1.02030088;0.988641341;0.959833277;0.934457637;0.91189268;0.894113299;0.88173071;BRA
BRB;Barbados;SSP4_BRB;0.273;0.276;0.275;0.265;0.249;0.229;0.208;0.185;0.163;0.143;44.469;51.166;56.862;61.602;65.513;68.739;71.413;73.644;75.521;77.113;0.12140037;0.14121816;0.1563705;0.1632453;0.16312737;0.15741231;0.14853904;0.1362414;0.12309923;0.11027159;1.16324324;1.10729739;1.04396481;0.99927759;0.964965658;0.943630393;0.917209375;0.903537618;0.895794312;BRB
BRN;Brunei;SSP4_BRN;0.399;0.455;0.496;0.525;0.542;0.545;0.533;0.508;0.474;0.436;75.654;79.764;83.149;85.936;88.235;90.135;91.711;93.022;94.115;95.03;0.30185946;0.3629262;0.41241904;0.451164;0.4782337;0.49123575;0.48881963;0.47255176;0.4461051;0.4143308;1.20230189;1.13637164;1.09394561;1.05999969;1.02718765;0.995081547;0.966720097;0.944034364;0.928773959;BRN
BTN;Bhutan;SSP4_BTN;0.726;0.858;0.971;1.063;1.13;1.163;1.154;1.104;1.028;0.939;34.707;47.428;58.807;68.008;75.096;80.473;84.558;87.687;90.108;92.003;0.25197282;0.40693224;0.57101597;0.72292504;0.8485848;0.93590099;0.97579932;0.96806448;0.92631024;0.86390817;1.61498466;1.40322126;1.26603296;1.17382129;1.10289625;1.04263093;0.992073329;0.956868328;0.932633725;BTN
BWA;Botswana;SSP4_BWA;2.007;2.181;2.264;2.282;2.254;2.201;2.108;1.971;1.805;1.619;61.134;68.752;75.387;80.937;85.434;88.987;91.74;93.843;95.432;96.622;1.22695938;1.49948112;1.70676168;1.84698234;1.92568236;1.95860387;1.9338792;1.84964553;1.7225476;1.56431018;1.22211146;1.13823486;1.08215597;1.04261006;1.01709602;0.987376381;0.956443158;0.93128525;0.908137563;BWA
CAF;Central African Republic;SSP4_CAF;4.401;5.332;6.326;7.242;8.085;8.791;9.347;9.779;10.108;10.321;38.943;47.775;56.18;63.747;70.288;75.789;80.336;84.054;87.077;89.528;1.71388143;2.547363;3.5539468;4.61655774;5.6827848;6.66261099;7.50900592;8.21964066;8.80174316;9.24018488;1.48631227;1.39514737;1.29899461;1.23095716;1.17242008;1.12703652;1.09463766;1.07081849;1.04981306;CAF
CAN;Canada;SSP4_CAN;34.017;37.495;40.487;42.81;44.608;45.892;46.416;45.975;44.476;41.89;80.582;83.853;86.587;88.864;90.758;92.329;93.633;94.715;95.613;96.357;27.4115789;31.4406823;35.0564787;38.0426784;40.4853286;42.3716247;43.4606933;43.5452213;42.5248379;40.3639473;1.14698546;1.11500375;1.08518253;1.06420816;1.04659209;1.02570278;1.00194493;0.976567271;0.949185213;CAN
CHE;Switzerland;SSP4_CHE;7.664;8.058;8.368;8.594;8.712;8.702;8.539;8.262;7.855;7.298;73.623;77.429;80.686;83.463;85.829;87.845;89.562;91.028;92.281;93.352;5.64246672;6.23922882;6.75180448;7.17281022;7.47742248;7.6442719;7.64769918;7.52073336;7.24867255;6.81282896;1.10576263;1.08215369;1.06235455;1.04246763;1.02231376;1.00044835;0.983398168;0.963825229;0.939872634;CHE
CHL;Chile;SSP4_CHL;17.114;18.45;19.268;19.52;19.244;18.526;17.475;16.172;14.683;13.127;89.004;91.349;93.232;94.729;95.909;96.834;97.555;98.115;98.549;98.884;15.2321446;16.8538905;17.9639418;18.4911008;18.456728;17.9394668;17.0477363;15.8671578;14.4699497;12.9805027;1.10646865;1.06586321;1.0293454;0.998141114;0.971974387;0.950292247;0.930748668;0.91194339;0.897066194;CHL
CHN;China;SSP4_CHN;1341.335;1368.806;1349.997;1285.917;1183.481;1055.855;920.286;787;662.069;555.116;46.955;58.592;68.014;75.258;80.733;84.872;88.026;90.454;92.342;93.825;629.823849;802.010812;918.18696;967.755416;955.459716;896.125256;810.090954;711.87298;611.367756;520.837587;1.27338908;1.14485609;1.05398515;0.98729462;0.937899569;0.903992996;0.878756856;0.85881579;0.851921911;CHN
CIV;CÃ´te dIvoire;SSP4_CIV;19.738;23.955;28.585;33.039;37.295;41.016;44.362;47.528;50.482;53.227;50.561;59.41;67.187;73.741;79.116;83.449;86.907;89.651;91.823;93.538;9.97973018;14.2316655;19.205404;24.363289;29.5063122;34.2274418;38.5536833;42.6093273;46.3540869;49.7874713;1.42605714;1.34948393;1.26856426;1.21109725;1.16000406;1.12639687;1.10519472;1.08788591;1.07406864;CIV
CMR;Cameroon;SSP4_CMR;19.599;24.193;28.885;33.339;37.374;40.782;43.623;45.992;47.944;49.56;58.397;66.034;73.152;79.424;84.664;88.836;92.026;94.387;96.091;97.299;11.445228;15.9756056;21.1299552;26.4791674;31.6423234;36.2290975;40.144502;43.410469;46.069869;48.2213844;1.39583113;1.32263876;1.25315776;1.19498936;1.14495693;1.10807347;1.08135528;1.06126172;1.04670114;CMR
COD;Democratic Republic of the Congo;SSP4_COD;65.966;88.056;113.113;138.015;161.845;182.783;200.541;215.365;227.148;235.976;35.218;45.31;54.944;63.472;70.646;76.5;81.201;84.948;87.929;90.301;23.2319059;39.8981736;62.1488067;87.6008808;114.337019;139.828995;162.841297;182.94826;199.728965;213.088688;1.71738702;1.55768551;1.4095344;1.30520398;1.22295471;1.16457461;1.12347582;1.09172377;1.06688926;COD
COG;Republic of Congo;SSP4_COG;4.043;5.178;6.404;7.62;8.796;9.902;10.886;11.74;12.434;12.964;62.119;69.984;75.916;80.401;83.838;86.515;88.634;90.337;91.725;92.869;2.51147117;3.62377152;4.86166064;6.1265562;7.37439048;8.5667153;9.64869724;10.6055638;11.4050865;12.0395372;1.44288796;1.34160242;1.26017767;1.2036763;1.16168452;1.12630068;1.09917054;1.0753871;1.05562875;COG
COL;Colombia;SSP4_COL;46.295;51.852;55.96;58.486;59.318;58.628;56.698;53.712;49.97;45.843;75.071;82.336;86.466;89.079;90.867;92.161;93.138;93.901;94.513;95.013;34.7541194;42.6928627;48.3863736;52.0987439;53.9004871;54.0321511;52.8073832;50.4361051;47.2281461;43.5568096;1.22842596;1.13335978;1.07672347;1.03458324;1.00244272;0.97733261;0.955095709;0.936395584;0.922263802;COL
COM;Comoros;SSP4_COM;0.735;0.934;1.157;1.389;1.613;1.821;2.023;2.213;2.393;2.566;28.19;39.795;51.528;62.043;70.729;77.574;82.844;86.864;89.922;92.251;0.2071965;0.3716853;0.59617896;0.86177727;1.14085877;1.41262254;1.67593412;1.92230032;2.15183346;2.36716066;1.79387827;1.60398854;1.44550098;1.32384412;1.23820983;1.18639911;1.14700232;1.11940545;1.10006685;COM
CPV;Cape Verde;SSP4_CPV;0.496;0.527;0.54;0.538;0.521;0.492;0.461;0.427;0.393;0.362;61.089;69.48;75.527;79.939;83.236;85.76;87.739;89.323;90.613;91.681;0.30300144;0.3661596;0.4078458;0.43007182;0.43365956;0.4219392;0.40447679;0.38140921;0.35610909;0.33188522;1.20844178;1.11384708;1.05449614;1.00834219;0.972973362;0.958613919;0.942969336;0.93366673;0.931976266;CPV
CRI;Costa Rica;SSP4_CRI;4.659;5.301;5.804;6.158;6.35;6.387;6.251;5.947;5.525;5.048;64.417;72.758;78.539;82.649;85.664;87.944;89.715;91.122;92.261;93.198;3.00118803;3.85690158;4.55840356;5.08952542;5.439664;5.61698328;5.60808465;5.41902534;5.09742025;4.70463504;1.28512494;1.18188226;1.11651488;1.06879592;1.03259747;0.998415763;0.966288078;0.940652595;0.922944315;CRI
CUB;Cuba;SSP4_CUB;11.258;11.038;10.536;9.764;8.76;7.585;6.425;5.426;4.567;3.824;75.225;82.522;86.598;89.152;90.887;92.138;93.08;93.814;94.401;94.881;8.4688305;9.10877836;9.12396528;8.70480128;7.9617012;6.9886673;5.98039;5.09034764;4.31129367;3.62824944;1.07556508;1.00166728;0.95405901;0.914633309;0.87778568;0.855726814;0.851173191;0.846954663;0.841568614;CUB
CYP;Cyprus;SSP4_CYP;1.104;1.239;1.348;1.428;1.486;1.51;1.483;1.406;1.299;1.179;70.32;74.171;77.331;79.944;82.125;83.963;85.525;86.865;88.025;89.034;0.7763328;0.91897869;1.04242188;1.14160032;1.2203775;1.2678413;1.26833575;1.2213219;1.14344475;1.04971086;1.18374322;1.1343265;1.09514232;1.06900592;1.03889272;1.00038999;0.962932646;0.936235361;0.918024994;CYP
CZE;Czech Republic;SSP4_CZE;10.493;10.904;11.075;11.078;11.047;10.871;10.408;9.777;9.117;8.426;73.541;77.35;80.606;83.382;85.747;87.761;89.478;90.944;92.197;93.27;7.71665713;8.434244;8.9271145;9.23705796;9.47247109;9.54049831;9.31287024;8.89159488;8.40560049;7.8589302;1.09299193;1.05843683;1.03471933;1.02548573;1.00718157;0.976140862;0.954764176;0.94534227;0.934963565;CZE
DEU;Germany;SSP4_DEU;82.302;81.489;79.954;77.78;74.839;71.088;66.91;62.436;57.443;52.029;73.849;77.648;80.905;83.686;86.057;88.076;89.795;91.26;92.51;93.576;60.779204;63.2745787;64.6867837;65.0909708;64.4041982;62.6114669;60.0818345;56.9790936;53.1405193;48.686657;1.04105639;1.02231868;1.00624837;0.989449035;0.972164371;0.959597938;0.948358087;0.932631882;0.916187077;DEU
DJI;Djibouti;SSP4_DJI;0.889;1.048;1.205;1.337;1.454;1.547;1.612;1.665;1.708;1.741;76.234;83.491;88.882;92.681;95.257;96.959;98.064;98.773;99.225;99.511;0.67772026;0.87498568;1.0710281;1.23914497;1.38503678;1.49995573;1.58079168;1.64457045;1.694763;1.73248651;1.29107204;1.22405215;1.15696775;1.11773587;1.08297177;1.05389222;1.04034609;1.03052016;1.02225887;DJI
DNK;Denmark;SSP4_DNK;5.55;5.761;5.919;6.01;6.037;6.012;5.92;5.757;5.517;5.212;86.866;88.9;90.231;91.16;91.837;92.349;92.745;93.059;93.31;93.514;4.821063;5.121529;5.34077289;5.478716;5.54419969;5.55202188;5.490504;5.35740663;5.1479127;4.87394968;1.0623236;1.04280829;1.0258283;1.01195238;1.00141088;0.988919734;0.975758624;0.960896392;0.946781728;DNK
DOM;Dominican Republic;SSP4_DOM;9.927;10.965;11.665;12.008;12.005;11.7;11.186;10.511;9.723;8.871;69.181;75.455;80.126;83.658;86.38;88.518;90.226;91.612;92.752;93.699;6.86759787;8.27364075;9.3466979;10.0456526;10.369919;10.356606;10.0926804;9.62933732;9.01827696;8.31203829;1.20473576;1.12969588;1.07478093;1.03227927;0.998716191;0.974516203;0.954091181;0.936541806;0.92168807;DOM
DZA;Algeria;SSP4_DZA;35.468;40.143;43.357;45.286;46.018;45.166;43.046;40.283;37.353;34.402;66.497;73.371;78.478;82.323;85.272;87.579;89.415;90.9;92.119;93.132;23.585156;29.4533205;34.0257065;37.2807938;39.240469;39.5559311;38.4895809;36.617247;34.4092101;32.0392706;1.24880754;1.15524178;1.09566553;1.05256528;1.00803921;0.973041963;0.951354786;0.939699537;0.931124852;DZA
ECU;Ecuador;SSP4_ECU;14.465;16.306;17.689;18.571;18.922;18.785;18.265;17.429;16.367;15.165;66.947;73.932;79.037;82.832;85.716;87.957;89.732;91.163;92.335;93.306;9.68388355;12.0553519;13.9808549;15.3827307;16.2191815;16.5227224;16.3895498;15.8887993;15.1124694;14.1498549;1.24488815;1.15972184;1.10027111;1.05437596;1.01871494;0.99194003;0.969446962;0.951139806;0.936303292;ECU
EGY;Egypt;SSP4_EGY;81.121;93.393;102.471;108.959;112.407;112.785;110.324;105.23;98.512;90.865;43.402;52.908;61.366;68.518;74.39;79.143;82.969;86.048;88.533;90.547;35.2081364;49.4123684;62.8823539;74.6565276;83.6195673;89.2614325;91.5347196;90.5483104;87.215629;82.2755315;1.40343607;1.27260352;1.1872413;1.12005701;1.06747063;1.02546774;0.989223661;0.963194438;0.943357659;EGY
ERI;Eritrea;SSP4_ERI;5.254;6.893;8.665;10.523;12.333;14.031;15.611;16.994;18.161;19.103;21.577;30.491;40.222;49.762;58.366;65.705;71.768;76.701;80.693;83.929;1.13365558;2.10174463;3.4852363;5.23645526;7.19827878;9.21906855;11.2037025;13.0345679;14.6546557;16.0329569;1.85395341;1.65825869;1.50246778;1.37464724;1.28073236;1.21527489;1.16341611;1.12429164;1.0940521;ERI
ESP;Spain;SSP4_ESP;46.077;48.518;49.509;50.35;50.551;49.626;47.718;45.299;42.633;39.51;77.396;80.675;83.574;86.109;88.305;90.191;91.8;93.163;94.313;95.279;35.6617549;39.1418965;41.3766517;43.3558815;44.6390606;44.7581857;43.805124;42.2019074;40.2084613;37.6447329;1.0975875;1.05709369;1.04783446;1.02959642;1.00266863;0.978706428;0.963401162;0.952764076;0.936239082;ESP
EST;Estonia;SSP4_EST;1.341;1.317;1.274;1.23;1.187;1.136;1.076;1.011;0.944;0.877;69.487;72.868;75.869;78.525;80.873;82.948;84.782;86.404;87.84;89.113;0.93182067;0.95967156;0.96657106;0.9658575;0.95996251;0.94228928;0.91225432;0.87354444;0.8292096;0.78152101;1.02988868;1.00718944;0.999261761;0.993896626;0.981589666;0.968125542;0.957566789;0.949247184;0.9424891;EST
ETH;Ethiopia;SSP4_ETH;82.95;104.76;130.814;156.939;183.966;210.183;233.209;254.239;272.849;288.981;16.661;24.273;33.627;44.045;54.554;64.252;72.579;79.353;84.657;88.703;13.8202995;25.4283948;43.9888238;69.1237826;100.360812;135.046781;169.26076;201.746274;230.985778;256.334816;1.83993081;1.72990958;1.5713942;1.45189988;1.34561268;1.25334909;1.19192584;1.14493207;1.10974285;ETH
FIN;Finland;SSP4_FIN;5.365;5.571;5.686;5.709;5.678;5.616;5.509;5.338;5.1;4.794;85.09;87.282;89.127;90.684;92.002;93.121;94.075;94.889;95.586;96.183;4.5650785;4.86248022;5.06776122;5.17714956;5.22387356;5.22967536;5.18259175;5.06517482;4.874886;4.61101302;1.06514712;1.04221734;1.02158514;1.00902504;1.00111063;0.990996839;0.977343975;0.962431934;0.945870943;FIN
FJI;Fiji;SSP4_FJI;0.861;0.897;0.895;0.866;0.818;0.759;0.699;0.642;0.587;0.536;51.861;60.5;67.884;73.989;78.945;82.935;86.14;88.716;90.792;92.469;0.44652321;0.542685;0.6075618;0.64074474;0.6457701;0.62947665;0.6021186;0.56955672;0.53294904;0.49563384;1.21535676;1.1195478;1.05461657;1.007843;0.974768962;0.95653842;0.945921152;0.935726015;0.92998355;FJI
FRA;France;SSP4_FRA;62.787;66.145;68.775;70.732;71.65;71.671;70.997;69.625;67.238;63.735;85.251;87.483;89.259;90.695;91.876;92.859;93.686;94.39;94.994;95.516;53.5265454;57.8656303;61.3878773;64.1503874;65.829154;66.5529739;66.5142494;65.7190375;63.8720657;60.8771226;1.08106417;1.06086941;1.04500091;1.02616924;1.01099543;0.999418141;0.988044488;0.97189594;0.953110282;FRA
FSM;Micronesia;SSP4_FSM;0.111;0.116;0.121;0.122;0.122;0.121;0.12;0.121;0.125;0.131;22.663;31.42;40.624;49.362;57.072;63.577;68.94;73.329;76.922;79.881;0.02515593;0.0364472;0.04915504;0.06022164;0.06962784;0.07692817;0.082728;0.08872809;0.0961525;0.10464411;1.44885123;1.34866437;1.22513663;1.15619302;1.10484786;1.0753928;1.07252792;1.08367598;1.08831398;FSM
GAB;Gabon;SSP4_GAB;1.505;1.785;2.053;2.28;2.488;2.662;2.812;2.939;3.051;3.149;86.028;88.757;90.041;90.741;91.152;91.406;91.566;91.669;91.736;91.779;1.2947214;1.58431245;1.84854173;2.0688948;2.26786176;2.43322772;2.57483592;2.69415191;2.79886536;2.89012071;1.22367055;1.16677852;1.11920373;1.09617065;1.07291713;1.05819768;1.04633926;1.03886694;1.03260441;GAB
GBR;United Kingdom;SSP4_GBR;62.036;65.682;68.252;69.988;71.04;71.159;70.336;68.802;66.425;63.353;79.638;83.407;86.078;88.051;89.56;90.748;91.705;92.491;93.148;93.704;49.4042297;54.7833857;58.7499566;61.6251339;63.623424;64.5753693;64.5016288;63.6356578;61.873559;59.3642951;1.10888048;1.07240463;1.04893922;1.03242654;1.01496218;0.99885807;0.986574432;0.972309569;0.959445296;GBR
GEO;Georgia;SSP4_GEO;4.352;4.096;3.749;3.389;3.003;2.626;2.292;1.996;1.743;1.539;52.747;60.76;68.09;74.508;79.931;84.384;87.96;90.782;92.981;94.678;2.29554944;2.4887296;2.5526941;2.52507612;2.40032793;2.21592384;2.0160432;1.81200872;1.62065883;1.45709442;1.08415421;1.02570167;0.98918085;0.950596266;0.92317546;0.909798055;0.898794589;0.894399024;0.899075359;GEO
GHA;Ghana;SSP4_GHA;24.392;30.746;38.096;45.96;54.061;61.853;69.237;76.149;82.375;87.867;51.471;60.484;68.214;74.594;79.745;83.857;87.124;89.716;91.774;93.41;12.5548063;18.5964106;25.9868054;34.2834024;43.1109444;51.8680702;60.3220439;68.3178368;75.5988325;82.0765647;1.48121844;1.39740974;1.3192619;1.25748734;1.20312999;1.16298994;1.13255176;1.10657532;1.08568561;GHA
GIN;Guinea;SSP4_GIN;9.982;12.057;14.15;16.021;17.599;18.817;19.912;20.962;21.948;22.916;35.361;44.868;54.047;62.315;69.408;75.301;80.108;83.989;87.107;89.609;3.52973502;5.40973476;7.6476505;9.98348615;12.2151139;14.1693892;15.951105;17.6057742;19.1182444;20.5347984;1.53261781;1.41368308;1.3054318;1.22353191;1.1599883;1.12574401;1.10373383;1.08590762;1.07409436;GIN
GLP;Guadeloupe;SSP4_GLP;0.461;0.48;0.491;0.492;0.482;0.465;0.444;0.422;0.399;0.373;98.408;99.747;99.854;99.902;99.93;99.947;99.959;99.968;99.975;99.98;0.45366088;0.4787856;0.49028314;0.49151784;0.4816626;0.46475355;0.44381796;0.42186496;0.39890025;0.3729254;1.05538216;1.02401396;1.00251834;0.979949375;0.964894409;0.954953351;0.950536026;0.945563836;0.934883846;GLP
GMB;Gambia;SSP4_GMB;1.728;2.228;2.753;3.261;3.73;4.146;4.527;4.886;5.222;5.538;58.149;65.61;72.753;79.19;84.641;88.996;92.305;94.719;96.425;97.603;1.00481472;1.4617908;2.00289009;2.5823859;3.1571093;3.68977416;4.17864735;4.62797034;5.0353135;5.40525414;1.45478641;1.37016192;1.28932981;1.2225552;1.16871917;1.13249407;1.10752833;1.08801767;1.07346924;GMB
GNB;Guinea-Bissau;SSP4_GNB;1.515;1.842;2.169;2.47;2.733;2.942;3.102;3.224;3.306;3.359;30.003;39.512;49.33;58.654;66.933;73.928;79.639;84.197;87.784;90.581;0.45454545;0.72781104;1.0699677;1.4487538;1.82927889;2.17496176;2.47040178;2.71451128;2.90213904;3.04261579;1.6011843;1.47011744;1.35401639;1.26265684;1.18897221;1.13583688;1.09881368;1.06912027;1.04840456;GNB
GNQ;Equatorial Guinea;SSP4_GNQ;0.7;0.917;1.149;1.371;1.588;1.789;1.965;2.113;2.225;2.296;39.702;45.741;51.139;55.837;59.865;63.294;66.209;68.691;70.813;72.635;0.277914;0.41944497;0.58758711;0.76552527;0.9506562;1.13232966;1.30100685;1.45144083;1.57558925;1.6676996;1.50926175;1.40086818;1.30282856;1.24183517;1.19110322;1.14896474;1.11562889;1.08553461;1.05846089;GNQ
GRC;Greece;SSP4_GRC;11.359;11.373;11.198;11.01;10.708;10.241;9.635;8.958;8.269;7.544;61.414;66.814;71.193;74.752;77.666;80.073;82.083;83.779;85.223;86.464;6.97601626;7.59875622;7.97219214;8.2301952;8.31647528;8.20027593;7.90869705;7.50492282;7.04708987;6.52284416;1.08926871;1.04914435;1.03236288;1.01048336;0.986027813;0.964442796;0.948945543;0.938995648;0.925608199;GRC
GRD;Grenada;SSP4_GRD;0.104;0.105;0.103;0.1;0.096;0.091;0.085;0.078;0.072;0.066;39.291;48.99;57.529;64.639;70.403;75.035;78.763;81.785;84.258;86.301;0.04086264;0.0514395;0.05925487;0.064639;0.06758688;0.06828185;0.06694855;0.0637923;0.06066576;0.05695866;1.25883937;1.15193324;1.09086392;1.04560528;1.01028262;0.980473581;0.952855588;0.950988756;0.938893043;GRD
GTM;Guatemala;SSP4_GTM;14.389;18.161;22.473;26.863;31.376;35.775;40.136;44.484;48.791;53.008;49.458;57.943;65.727;72.541;78.293;83.015;86.812;89.818;92.173;94.002;7.11651162;10.5230282;14.7708287;19.4866888;24.5652117;29.6986163;34.8428643;39.9546391;44.9721284;49.8285802;1.47867787;1.40366712;1.31926849;1.26061497;1.2089705;1.17321508;1.14670937;1.12557964;1.10798803;GTM
GUF;French Guiana;SSP4_GUF;0.231;0.291;0.354;0.411;0.466;0.52;0.571;0.621;0.669;0.714;76.35;79.725;83.02;86.115;88.907;91.327;93.348;94.981;96.264;97.248;0.1763685;0.23199975;0.2938908;0.35393265;0.41430662;0.4749004;0.53301708;0.58983201;0.64400616;0.69435072;1.31542622;1.26677205;1.20429986;1.17058039;1.14625347;1.12237657;1.1065912;1.09184674;1.07817403;GUF
GUM;Guam;SSP4_GUM;0.18;0.199;0.213;0.22;0.221;0.217;0.21;0.198;0.184;0.167;93.168;96.441;97.358;97.798;98.054;98.218;98.33;98.41;98.469;98.513;0.1677024;0.19191759;0.20737254;0.2151556;0.21669934;0.21313306;0.206493;0.1948518;0.18118296;0.16451671;1.14439382;1.0805291;1.03753178;1.00717499;0.983542728;0.968845471;0.943624239;0.929850071;0.908014253;GUM
GUY;Guyana;SSP4_GUY;0.754;0.768;0.761;0.726;0.673;0.611;0.551;0.495;0.442;0.395;28.604;40.203;51.921;62.43;71.118;77.967;83.234;87.241;90.278;92.581;0.21567416;0.30875904;0.39511881;0.4532418;0.47862414;0.47637837;0.45861934;0.43184295;0.39902876;0.36569495;1.43159959;1.27969957;1.14710256;1.05600176;0.995307863;0.962720747;0.941615218;0.924013603;0.916462638;GUY
HKG;Hong Kong;SSP4_HKG;7.053;7.603;8.117;8.567;8.839;8.932;8.783;8.39;7.764;6.925;100;100;100;100;100;100;100;100;100;100;7.053;7.603;8.117;8.567;8.839;8.932;8.783;8.39;7.764;6.925;1.077981;1.06760489;1.0554392;1.03174974;1.01052155;0.983318406;0.955254469;0.925387366;0.891937146;HKG
HND;Honduras;SSP4_HND;7.601;9.185;10.837;12.392;13.883;15.248;16.522;17.767;19.022;20.303;51.604;60.27;67.782;74.056;79.18;83.313;86.625;89.272;91.388;93.079;3.92242004;5.5357995;7.34553534;9.17701952;10.9925594;12.7035662;14.3121825;15.8609562;17.3838254;18.8978294;1.41132246;1.32691499;1.24933298;1.19783546;1.15565136;1.12662714;1.10821367;1.0960137;1.08709268;HND
HRV;Croatia;SSP4_HRV;4.403;4.311;4.174;4.01;3.814;3.589;3.322;3.017;2.7;2.387;57.738;63.816;68.445;71.997;74.761;76.947;78.702;80.134;81.315;82.303;2.54220414;2.75110776;2.8568943;2.8870797;2.85138454;2.76162783;2.61448044;2.41764278;2.195505;1.96457261;1.08217421;1.03845234;1.01056581;0.98763624;0.96852171;0.946717154;0.924712514;0.908118031;0.894815821;HRV
HTI;Haiti;SSP4_HTI;9.993;11.23;12.375;13.307;14.045;14.535;14.87;15.156;15.441;15.734;52.087;66.758;75.628;81.143;84.788;87.338;89.206;90.627;91.74;92.633;5.20505391;7.4969234;9.358965;10.797699;11.9084746;12.6945783;13.2649322;13.7354281;14.1655734;14.5748762;1.44031619;1.2483741;1.1537279;1.10287151;1.06601212;1.04492894;1.03546915;1.03131648;1.02889419;HTI
HUN;Hungary;SSP4_HUN;9.984;9.684;9.335;8.915;8.449;7.922;7.293;6.631;6.005;5.414;68.095;71.448;74.484;77.219;79.675;81.873;83.836;85.588;87.15;88.541;6.7986048;6.91902432;6.9530814;6.88407385;6.73174075;6.48597906;6.11415948;5.67534028;5.2333575;4.79360974;1.01771239;1.00492224;0.990075256;0.977871664;0.963492104;0.94267333;0.928229023;0.922122241;0.915972154;HUN
IDN;Indonesia;SSP4_IDN;239.871;258.522;267.771;268.717;261.103;245.742;224.881;201.059;176.346;152.336;44.281;54.011;62.387;69.268;74.799;79.215;82.747;85.588;87.892;89.774;106.217278;139.630317;167.054294;186.134892;195.302433;194.664525;186.082281;172.082377;154.994026;136.758121;1.31457255;1.19640417;1.11421794;1.04925214;0.996733744;0.955912644;0.92476498;0.900696684;0.882344461;IDN
IND;India;SSP4_IND;1224.614;1376.334;1489.144;1565.23;1600.939;1587.505;1525.97;1426.158;1302.635;1169.26;30.01;39.519;49.337;58.661;66.94;73.935;79.646;84.205;87.791;90.587;367.506661;543.913433;734.698975;918.17957;1071.66857;1173.72182;1215.37407;1200.89634;1143.59629;1059.19756;1.48000973;1.35076453;1.24973574;1.16716664;1.09522837;1.03548732;0.988087847;0.952285598;0.926198837;IND
IRL;Ireland;SSP4_IRL;4.47;4.992;5.372;5.684;5.911;6.004;5.961;5.82;5.605;5.318;61.941;67.349;71.734;75.298;78.216;80.628;82.641;84.339;85.784;87.027;2.7687627;3.36206208;3.85355048;4.27993832;4.62334776;4.84090512;4.92623001;4.9085298;4.8081932;4.62809586;1.21428322;1.14618659;1.11064805;1.08023701;1.04705624;1.01762581;0.996406946;0.979558727;0.962543656;IRL
IRN;Iran;SSP4_IRN;73.974;81.709;86.058;88.136;87.911;84.681;78.916;71.39;63.82;57.322;70.753;79.282;84.21;87.338;89.474;91.017;92.178;93.083;93.806;94.396;52.3388242;64.7805294;72.4694418;76.9762197;78.6574881;77.0741058;72.7431905;66.4519537;59.8669892;54.1096751;1.23771465;1.11869172;1.06218867;1.0218414;0.979869909;0.943808426;0.913514423;0.900906382;0.903831575;IRN
IRQ;Iraq;SSP4_IRQ;31.672;42.22;55.117;69.261;84.387;100.085;116.22;132.866;149.74;166.825;66.173;73.068;78.281;82.253;85.322;87.733;89.654;91.208;92.479;93.53;20.9583126;30.8493096;43.1461388;56.9692503;72.0006761;87.8075731;104.195879;121.184421;138.478055;156.031422;1.47193671;1.39860954;1.32037888;1.26385156;1.21953817;1.18663886;1.16304428;1.14270509;1.1267592;IRQ
ISL;Iceland;SSP4_ISL;0.32;0.365;0.401;0.429;0.451;0.464;0.467;0.461;0.444;0.418;93.416;96.784;97.597;97.97;98.179;98.31;98.397;98.456;98.498;98.529;0.2989312;0.3532616;0.39136397;0.4202913;0.44278729;0.4561584;0.45951399;0.45388216;0.43733112;0.41185122;1.18174884;1.10785879;1.07391414;1.05352476;1.03019759;1.00735619;0.987743942;0.9635345;0.941737739;ISL
ISR;Israel;SSP4_ISR;7.418;9.115;10.638;12.03;13.216;14.155;14.992;15.711;16.281;16.719;91.853;92.185;92.505;92.813;93.109;93.394;93.668;93.931;94.184;94.427;6.81365554;8.40266275;9.8406819;11.1654039;12.3052854;13.2199207;14.0427066;14.7574994;15.334097;15.7872501;1.23320921;1.17113851;1.13461689;1.10209049;1.07432865;1.06223834;1.05090136;1.0390715;1.02955199;ISR
ITA;Italy;SSP4_ITA;60.551;61.412;60.989;60.214;58.675;56.156;52.918;49.566;46.151;42.244;68.36;71.622;74.639;77.407;79.929;82.215;84.275;86.123;87.775;89.246;41.3926636;43.9845026;45.5215797;46.609851;46.8983408;46.1686554;44.5966445;42.6877262;40.5090403;37.7010802;1.0626159;1.03494588;1.02390671;1.00618946;0.984441127;0.965950689;0.95719592;0.94896224;0.930683127;ITA
JAM;Jamaica;SSP4_JAM;2.741;2.8;2.773;2.671;2.51;2.304;2.103;1.915;1.73;1.554;52.006;60.614;68.088;74.341;79.453;83.577;86.881;89.518;91.62;93.296;1.42548446;1.697192;1.88808024;1.98564811;1.9942703;1.92561408;1.82710743;1.7142697;1.585026;1.44981984;1.19060716;1.11247298;1.0516757;1.00434225;0.965573263;0.948844033;0.938242422;0.924607137;0.914697828;JAM
JOR;Jordan;SSP4_JOR;6.187;8.106;10.298;12.514;14.789;17.061;19.046;20.755;22.203;23.283;78.527;85.457;89.93;92.902;94.931;96.344;97.344;98.061;98.579;98.955;4.85846549;6.92714442;9.2609914;11.6257563;14.0393456;16.4372498;18.5401382;20.3525605;21.8874954;23.0396926;1.42578854;1.33691328;1.25534684;1.20760708;1.17079886;1.12793432;1.09775668;1.07541728;1.05264181;JOR
JPN;Japan;SSP4_JPN;126.536;124.147;118.399;111.147;103.098;94.727;85.598;76.267;66.872;57.898;66.833;70.686;74.163;77.276;80.046;82.501;84.668;86.575;88.252;89.722;84.5678049;87.7545484;87.8082504;85.8899557;82.5258251;78.1507223;72.4741146;66.0281552;59.0158774;51.9472436;1.0376827;1.00061196;0.978153594;0.960832083;0.946985046;0.927363338;0.91105846;0.893798671;0.880224879;JPN
KAZ;Kazakhstan;SSP4_KAZ;16.026;17.361;18.051;18.382;18.279;17.742;16.888;15.749;14.423;13.006;58.506;66.256;73.239;79.243;84.2;88.157;91.229;93.565;95.312;96.602;9.37617156;11.5027042;13.2203719;14.5664483;15.390918;15.6408149;15.4067535;14.7355519;13.7468498;12.5640561;1.2268018;1.1493273;1.10181834;1.0566006;1.01623665;0.985035216;0.956434581;0.932903627;0.913958932;KAZ
KEN;Kenya;SSP4_KEN;40.513;52.139;64.995;78.358;91.675;103.901;115.398;126.388;136.331;145.095;22.18;31.171;40.921;50.438;58.999;66.29;72.31;77.205;81.165;84.371;8.9857834;16.2522477;26.596604;39.522208;54.0873333;68.8759729;83.4442938;97.5778554;110.653056;122.418102;1.8086623;1.63648773;1.48598701;1.36853015;1.2734215;1.21151528;1.16937721;1.13399762;1.10632374;KEN
KGZ;Kyrgyzstan;SSP4_KGZ;5.334;5.747;5.909;5.909;5.727;5.421;5.057;4.642;4.211;3.793;34.549;44.243;53.465;61.633;68.538;74.221;78.841;82.58;85.608;88.068;1.84284366;2.54264521;3.15924685;3.64189397;3.92517126;4.02352041;3.98698937;3.8333636;3.60495288;3.34041924;1.37974005;1.242504;1.15277284;1.07778296;1.02505602;0.990920628;0.961468227;0.940415065;0.92661939;KGZ
KHM;Cambodia;SSP4_KHM;14.138;15.314;15.916;15.983;15.654;14.959;13.996;12.885;11.779;10.754;20.108;27.683;36.573;46.208;55.845;64.798;72.609;79.092;84.273;88.297;2.84286904;4.23937462;5.82095868;7.38542464;8.7419763;9.69313282;10.1623556;10.1910042;9.92651667;9.49545938;1.49123106;1.37307013;1.26876431;1.18367958;1.10880337;1.04840776;1.00281909;0.974046961;0.956575171;KHM
KOR;South Korea;SSP4_KOR;48.184;49.134;48.844;47.209;44.107;40.033;35.658;31.396;27.444;23.861;82.958;85.617;88.011;90.118;91.939;93.482;94.771;95.832;96.695;97.392;39.9724827;42.0670568;42.9880928;42.5438066;40.5515347;37.4236491;33.7934432;30.0874147;26.5369758;23.2387051;1.0524004;1.02189447;0.9896649;0.953171283;0.922866405;0.902997009;0.890332913;0.881995879;0.875710378;KOR
KWT;Kuwait;SSP4_KWT;2.737;3.551;4.27;4.922;5.406;5.689;5.745;5.592;5.297;4.873;98.384;99.744;99.853;99.902;99.93;99.947;99.96;99.968;99.975;99.98;2.69277008;3.54190944;4.2637231;4.91717644;5.4022158;5.68598483;5.742702;5.59021056;5.29567575;4.8720254;1.31534046;1.20379224;1.15325886;1.09864185;1.05252827;1.00997491;0.973446047;0.947312394;0.920000701;KWT
LAO;Laos;SSP4_LAO;6.201;7.179;8.165;8.937;9.651;10.232;10.671;11.156;11.713;12.285;33.184;47.57;60.293;70.22;77.564;82.931;86.876;89.813;92.027;93.718;2.05773984;3.4150503;4.92292345;6.2755614;7.48570164;8.48549992;9.27053796;10.0195383;10.7791225;11.5132563;1.65961228;1.44153761;1.27476315;1.19283378;1.13356106;1.09251524;1.08079362;1.0758103;1.06810701;LAO
LBN;Lebanon;SSP4_LBN;4.228;4.503;4.673;4.71;4.616;4.408;4.1;3.727;3.338;2.963;87.244;89.098;90.399;91.358;92.09;92.665;93.127;93.505;93.818;94.082;3.68867632;4.01208294;4.22434527;4.3029618;4.2508744;4.0846732;3.818207;3.48493135;3.13164484;2.78764966;1.08767552;1.05290577;1.01861035;0.987894989;0.960901879;0.934764377;0.912714096;0.898624542;0.890155111;LBN
LBR;Liberia;SSP4_LBR;3.994;5.84;7.949;10.159;12.454;14.725;16.821;18.633;20.008;20.89;47.815;57.314;65.655;72.636;78.308;82.842;86.434;89.269;91.505;93.268;1.9097311;3.3471376;5.21891595;7.37909124;9.75247832;12.1984845;14.5390631;16.6334928;18.3083204;19.4836852;1.75267481;1.55921763;1.41391264;1.32163677;1.25080868;1.19187454;1.14405534;1.10069007;1.0641984;LBR
LBY;Libya;SSP4_LBY;6.355;7.352;8.017;8.551;8.9;8.927;8.71;8.358;7.91;7.387;77.888;84.782;89.385;92.508;94.663;96.171;97.238;98;98.548;98.943;4.9497824;6.23317264;7.16599545;7.91035908;8.425007;8.58518517;8.4694298;8.19084;7.7951468;7.30891941;1.25928215;1.14965458;1.10387442;1.06505999;1.01901223;0.986516846;0.967106428;0.951690767;0.937624345;LBY
LCA;Saint Lucia;SSP4_LCA;0.174;0.189;0.198;0.201;0.199;0.192;0.181;0.166;0.15;0.134;27.966;39.939;52.134;63.061;72.027;79.011;84.308;88.277;91.236;93.442;0.04866084;0.07548471;0.10322532;0.12675261;0.14333373;0.15170112;0.15259748;0.14653982;0.136854;0.12521228;1.55124141;1.36749972;1.2279217;1.13081482;1.05837698;1.00590872;0.960303014;0.933903153;0.914933287;LCA
LKA;Sri Lanka;SSP4_LKA;20.86;22.075;22.497;22.428;21.764;20.67;19.392;17.988;16.547;15.101;14.312;20.512;28.403;37.734;47.891;58.038;67.381;75.394;81.88;86.9;2.9854832;4.528024;6.38982291;8.46298152;10.4229972;11.9964546;13.0665235;13.5618727;13.5486836;13.122769;1.51668045;1.41117249;1.32444696;1.23159872;1.15096016;1.08919876;1.03790979;0.999027485;0.968564134;LKA
LSO;Lesotho;SSP4_LSO;2.171;2.367;2.531;2.648;2.746;2.816;2.862;2.921;2.987;3.062;26.884;39.118;51.613;62.738;71.781;78.77;84.045;87.993;90.944;93.153;0.58365164;0.92592306;1.30632503;1.66130224;1.97110626;2.2181632;2.4053679;2.57027553;2.71649728;2.85234486;1.58643101;1.4108354;1.27173728;1.18648264;1.12533923;1.08439627;1.06855817;1.05688952;1.05000836;LSO
LTU;Lithuania;SSP4_LTU;3.324;3.167;2.981;2.76;2.53;2.285;2.041;1.814;1.617;1.454;66.984;73.398;78.306;82.091;85.049;87.396;89.283;90.821;92.089;93.145;2.22654816;2.32451466;2.33430186;2.2657116;2.1517397;1.9969986;1.82226603;1.64749294;1.48907913;1.3543283;1.04399927;1.00421043;0.970616371;0.949697084;0.928085586;0.912502407;0.904090244;0.90384553;0.909507274;LTU
LUX;Luxembourg;SSP4_LUX;0.507;0.589;0.662;0.729;0.784;0.824;0.84;0.833;0.804;0.755;85.186;88.038;90.435;92.416;94.029;95.325;96.357;97.172;97.811;98.309;0.43189302;0.51854382;0.5986797;0.67371264;0.73718736;0.785478;0.8093988;0.80944276;0.78640044;0.74223295;1.20063024;1.15454023;1.12533069;1.09421631;1.0655066;1.03045381;1.00005431;0.971533108;0.943835878;LUX
LVA;Latvia;SSP4_LVA;2.252;2.112;1.982;1.854;1.724;1.584;1.433;1.276;1.13;1.001;67.72;73.995;78.877;82.689;85.691;88.082;90.006;91.57;92.854;93.917;1.5250544;1.5627744;1.56334214;1.53305406;1.47731284;1.39521888;1.28978598;1.1684332;1.0492502;0.94010917;1.02473354;1.00036329;0.980626071;0.963640408;0.944430213;0.924432717;0.905912468;0.897997592;0.895981883;LVA
MAC;Macao;SSP4_MAC;0.544;0.611;0.666;0.712;0.74;0.75;0.738;0.705;0.655;0.591;100;100;100;100;100;100;100;100;100;100;0.544;0.611;0.666;0.712;0.74;0.75;0.738;0.705;0.655;0.591;1.12316176;1.09001637;1.06906907;1.03932584;1.01351351;0.984;0.955284553;0.929078014;0.902290076;MAC
MAR;Morocco;SSP4_MAR;31.951;34.421;35.622;35.661;34.828;33.241;31.127;28.816;26.592;24.544;58.239;65.693;72.839;79.282;84.737;89.092;92.393;94.795;96.488;97.653;18.6079429;22.6121875;25.9467086;28.272754;29.5122024;29.6150717;28.7591691;27.3161272;25.658089;23.9679523;1.21519008;1.14746566;1.08964703;1.04383897;1.00348566;0.971099087;0.949823241;0.939301855;0.934128507;MAR
MDA;Moldova;SSP4_MDA;3.573;3.178;2.791;2.411;2.045;1.71;1.42;1.169;0.967;0.816;46.95;57.32;66.21;73.444;79.168;83.64;87.123;89.836;91.957;93.619;1.6775235;1.8216296;1.8479211;1.77073484;1.6189856;1.430244;1.2371466;1.05018284;0.88922419;0.76393104;1.08590407;1.01443296;0.95823076;0.914301545;0.88341984;0.86498989;0.848875016;0.846732737;0.859098356;MDA
MDG;Madagascar;SSP4_MDG;20.714;27.436;35.599;44.117;53.065;62.004;70.624;78.863;86.396;93.167;30.189;39.645;49.429;58.754;67.06;74.094;79.842;84.427;88.027;90.824;6.25334946;10.8770022;17.5962297;25.9205022;35.585389;45.9412438;56.3876141;66.581665;76.0518069;84.6179961;1.73938819;1.61774627;1.47307137;1.3728665;1.29101424;1.22738545;1.18078529;1.14223348;1.11263623;MDG
MDV;Maldives;SSP4_MDV;0.316;0.358;0.391;0.411;0.423;0.423;0.41;0.385;0.348;0.307;40.104;54.625;65.728;73.622;79.209;83.246;86.244;88.528;90.311;91.73;0.12672864;0.1955575;0.25699648;0.30258642;0.33505407;0.35213058;0.3536004;0.3408328;0.31428228;0.2816111;1.54312001;1.31417348;1.17739519;1.10730042;1.05096643;1.00417408;0.963892575;0.922101042;0.89604511;MDV
MEX;Mexico;SSP4_MEX;113.423;124.818;132.429;136.061;135.602;131.782;126.13;119.269;111.403;102.885;77.828;84.722;89.325;92.449;94.607;96.12;97.193;97.962;98.515;98.916;88.2748524;105.748306;118.292204;125.787034;128.288984;126.668858;122.589531;116.838298;109.748665;101.769727;1.19794373;1.11862032;1.06335861;1.01989037;0.987371279;0.96779534;0.953085446;0.939320989;0.927298079;MEX
MKD;Macedonia;SSP4_MKD;2.06;2.112;2.15;2.173;2.173;2.141;2.044;1.89;1.705;1.504;59.313;66.783;73.624;79.586;84.551;88.528;91.608;93.933;95.653;96.906;1.2218478;1.41045696;1.582916;1.72940378;1.83729323;1.89538448;1.87246752;1.7753337;1.63088365;1.45746624;1.15436387;1.12227175;1.09254299;1.06238534;1.03161784;0.987909071;0.948125231;0.918634987;0.893666596;MKD
MLI;Mali;SSP4_MLI;15.37;20.858;27.362;34.277;41.045;47.189;52.679;57.523;61.577;64.839;35.857;48.182;59.391;68.643;75.887;81.43;85.642;88.85;91.303;93.19;5.5112209;10.0498016;16.2505654;23.5287611;31.1478192;38.4260027;45.1153492;51.1091855;56.2216483;60.4234641;1.82351638;1.61700361;1.44787338;1.32381892;1.23366591;1.17408385;1.13285581;1.10003021;1.07473662;MLI
MLT;Malta;SSP4_MLT;0.417;0.431;0.435;0.429;0.416;0.399;0.376;0.344;0.31;0.277;94.668;97.031;98.127;98.743;99.125;99.377;99.549;99.67;99.757;99.82;0.39476556;0.41820361;0.42685245;0.42360747;0.41236;0.39651423;0.37430424;0.3428648;0.3092467;0.2765014;1.05937207;1.02068093;0.992397888;0.973448367;0.96157297;0.943986903;0.916005654;0.901949398;0.894112694;MLT
MMR;Myanmar;SSP4_MMR;47.963;49.71;49.735;48.009;44.874;40.915;36.728;32.762;29.243;26.24;33.647;43.753;53.341;61.754;68.783;74.503;79.107;82.805;85.784;88.194;16.1381106;21.7496163;26.5291464;29.6474779;30.8656834;30.4829024;29.054419;27.1285741;25.0858151;23.1421056;1.34771764;1.21975238;1.11754361;1.04108969;0.987598494;0.953138206;0.93371594;0.924700835;0.922517586;MMR
MNE;Montenegro;SSP4_MNE;0.631;0.647;0.655;0.656;0.649;0.634;0.604;0.558;0.504;0.446;61.458;69.664;75.582;79.908;83.146;85.632;87.584;89.149;90.426;91.484;0.38779998;0.45072608;0.4950621;0.52419648;0.53961754;0.54290688;0.52900736;0.49745142;0.45574704;0.40801864;1.16226432;1.09836577;1.05884995;1.02941847;1.00609569;0.974397967;0.940348769;0.916163914;0.895274361;MNE
MNG;Mongolia;SSP4_MNG;2.756;3.109;3.309;3.412;3.428;3.329;3.166;2.971;2.754;2.521;62.026;69.893;75.824;80.307;83.743;86.418;88.538;90.241;91.63;92.776;1.70943656;2.17297337;2.50901616;2.74007484;2.87071004;2.87685522;2.80311308;2.68106011;2.5234902;2.33888296;1.27116351;1.15464653;1.09209135;1.04767578;1.00214065;0.974367101;0.956458064;0.941228505;0.926844479;MNG
MOZ;Mozambique;SSP4_MOZ;23.391;28.97;35.15;41.044;46.5;51.593;55.96;59.853;63.327;66.421;38.434;50.23;60.381;68.483;74.75;79.568;83.296;86.212;88.523;90.376;8.99009694;14.551631;21.2239215;28.1081625;34.75875;41.0515182;46.6124416;51.6004684;56.0589602;60.028643;1.61862893;1.45852527;1.32436235;1.23660698;1.18104127;1.13546206;1.10701063;1.0864041;1.07081264;MOZ
MRT;Mauritania;SSP4_MRT;3.46;4.338;5.31;6.258;7.151;8.004;8.786;9.523;10.217;10.879;41.434;51.167;59.799;67.052;72.971;77.742;81.579;84.674;87.184;89.232;1.4336164;2.21962446;3.1753269;4.19611416;5.21815621;6.22246968;7.16753094;8.06350502;8.90758928;9.70754928;1.54826944;1.43056943;1.3214747;1.24356869;1.1924652;1.15187881;1.12500456;1.10467957;1.08980657;MRT
MTQ;Martinique;SSP4_MTQ;0.406;0.417;0.422;0.419;0.408;0.392;0.373;0.353;0.331;0.306;89.046;92.469;94.309;95.456;96.238;96.806;97.236;97.573;97.844;98.067;0.36152676;0.38559573;0.39798398;0.39996064;0.39265104;0.37947952;0.36269028;0.34443269;0.32386364;0.30008502;1.0665759;1.03212756;1.00496668;0.981724202;0.966454896;0.955757191;0.949660658;0.940281365;0.926578297;MTQ
MUS;Mauritius;SSP4_MUS;1.299;1.356;1.389;1.391;1.361;1.306;1.231;1.14;1.043;0.946;41.837;51.608;60.349;67.744;73.805;78.696;82.62;85.771;88.307;90.358;0.54346263;0.69980448;0.83824761;0.94231904;1.00448605;1.02776976;1.0170522;0.9777894;0.92104201;0.85478668;1.28767728;1.19783116;1.12415357;1.06597236;1.02317972;0.989572022;0.961395492;0.941963586;0.928064812;MUS
MWI;Malawi;SSP4_MWI;14.901;20.336;27.631;36.69;47.308;58.562;69.971;81.304;92.199;102.525;19.769;27.453;36.481;46.233;55.928;64.872;72.629;79.042;84.158;88.138;2.94577869;5.58284208;10.0800651;16.9628877;26.4584182;37.9903406;50.8192376;64.2643077;77.5928344;90.3634845;1.89520078;1.80554366;1.68281529;1.55978267;1.43585079;1.33768839;1.26456654;1.2074017;1.16458543;MWI
MYS;Malaysia;SSP4_MYS;28.401;32.575;35.971;38.414;39.689;39.971;39.345;37.819;35.593;32.934;72.171;79.623;84.067;86.955;88.961;90.427;91.541;92.414;93.117;93.693;20.4972857;25.9371923;30.2397406;33.4028937;35.3077313;36.1445762;36.0168064;34.9500507;33.1431338;30.8568526;1.26539643;1.16588335;1.10460252;1.05702612;1.02370146;0.996465038;0.970381722;0.948300022;0.931017954;MYS
MYT;Mayotte;SSP4_MYT;0.204;0.267;0.344;0.43;0.516;0.601;0.685;0.766;0.845;0.919;50.075;59.297;66.843;72.843;77.575;81.32;84.307;86.715;88.677;90.292;0.102153;0.15832299;0.22993992;0.3132249;0.400287;0.4887332;0.57750295;0.6642369;0.74932065;0.82978348;1.54986138;1.452347;1.36220322;1.27795396;1.22095696;1.18163233;1.15018789;1.12809248;1.10738104;MYT
NAM;Namibia;SSP4_NAM;2.283;2.66;3.022;3.315;3.56;3.767;3.923;4.043;4.138;4.216;37.977;47.691;56.734;64.627;71.238;76.647;81.022;84.545;87.382;89.672;0.86701491;1.2685806;1.71450148;2.14238505;2.5360728;2.88729249;3.17849306;3.41815435;3.61586716;3.78057152;1.46315892;1.35151167;1.24956734;1.18376143;1.13848959;1.10085593;1.07540092;1.05784198;1.04555045;NAM
NCL;New Caledonia;SSP4_NCL;0.251;0.287;0.317;0.339;0.355;0.363;0.361;0.349;0.33;0.306;57.358;62.844;67.096;70.41;73.023;75.111;76.801;78.186;79.335;80.296;0.14396858;0.18036228;0.21269432;0.2386899;0.25923165;0.27265293;0.27725161;0.27286914;0.2618055;0.24570576;1.25278918;1.17926165;1.12222038;1.08606041;1.05177331;1.01686642;0.984193167;0.959454411;0.938504959;NCL
NER;Niger;SSP4_NER;15.512;22.385;32.446;45.943;63.203;82.893;103.666;125.025;145.984;165.586;17.109;24.022;32.273;41.336;50.515;59.169;66.872;73.444;78.885;83.302;2.65394808;5.3773247;10.4712976;18.9909985;31.9269954;49.0469592;69.3235275;91.823361;115.159478;137.93645;2.02616047;1.94730617;1.81362418;1.68116466;1.5362222;1.41341132;1.32456273;1.2541414;1.19778634;NER
NGA;Nigeria;SSP4_NGA;158.423;205.616;267.934;344.175;431.132;520.41;606.617;688.558;764.343;832.629;49.803;58.533;66.313;72.954;78.455;82.923;86.507;89.359;91.618;93.402;78.8994067;120.353213;177.675073;251.089429;338.244611;431.539584;524.766168;615.288543;700.27577;777.692139;1.52540074;1.47628026;1.41319446;1.34710813;1.27582102;1.21603252;1.1725004;1.13812581;1.11055126;NGA
NIC;Nicaragua;SSP4_NIC;5.788;6.333;6.607;6.653;6.499;6.202;5.858;5.489;5.1;4.708;57.319;64.852;71.644;77.526;82.448;86.456;89.647;92.145;94.074;95.548;3.31762372;4.10707716;4.73351908;5.15780478;5.35829552;5.36200112;5.25152126;5.05783905;4.797774;4.49839984;1.2379575;1.15252743;1.08963431;1.03887133;1.00069156;0.979395778;0.963118837;0.948581786;0.937601446;NIC
NLD;Netherlands;SSP4_NLD;16.613;17.151;17.498;17.58;17.405;17.085;16.677;16.17;15.492;14.622;82.861;85.521;87.913;90.02;91.84;93.386;94.679;95.746;96.617;97.321;13.7656979;14.6677067;15.3830167;15.825516;15.984752;15.9549981;15.7896168;15.4821282;14.9679056;14.2302766;1.06552583;1.04876768;1.02876544;1.01006198;0.998138607;0.989634516;0.980525897;0.966786055;0.95071929;NLD
NOR;Norway;SSP4_NOR;4.883;5.38;5.838;6.217;6.514;6.731;6.82;6.778;6.599;6.275;79.411;83.165;85.845;87.837;89.367;90.575;91.55;92.353;93.024;93.593;3.87763913;4.474277;5.0116311;5.46082629;5.82136638;6.09660325;6.24371;6.25968634;6.13865376;5.87296075;1.15386627;1.12009853;1.08963054;1.06602299;1.04728046;1.0241293;1.00255879;0.980664753;0.956718033;NOR
NPL;Nepal;SSP4_NPL;29.959;36.796;44.506;52.203;60.243;67.712;74.455;80.767;86.722;92.561;18.621;26.633;36.1;46.234;56.12;65.041;72.631;78.828;83.75;87.592;5.57866539;9.79987868;16.066666;24.135535;33.8083716;44.0405619;54.0774111;63.6670108;72.629675;81.0760311;1.75667082;1.63947601;1.50221179;1.40077158;1.30265256;1.22790012;1.17733097;1.14077407;1.11629346;NPL
NZL;New Zealand;SSP4_NZL;4.368;4.814;5.164;5.419;5.586;5.666;5.667;5.592;5.424;5.178;86.2;88.356;89.948;91.167;92.129;92.906;93.545;94.08;94.534;94.924;3.765216;4.25345784;4.64491472;4.94033973;5.14632594;5.26405396;5.30119515;5.2609536;5.12752416;4.91516472;1.12967167;1.09203262;1.06360182;1.04169475;1.02287613;1.00705562;0.992408966;0.974637784;0.95858441;NZL
OMN;Oman;SSP4_OMN;2.782;3.274;3.707;4.04;4.251;4.333;4.288;4.146;3.962;3.753;73.035;76.717;80;82.899;85.434;87.634;89.531;91.158;92.548;93.729;2.0318337;2.51171458;2.9656;3.3491196;3.63179934;3.79718122;3.83908928;3.77941068;3.66675176;3.51764937;1.23618118;1.1807074;1.12932277;1.08440419;1.04553717;1.01103662;0.984455011;0.970191406;0.959336656;OMN
PAK;Pakistan;SSP4_PAK;173.593;211.598;254.264;295.99;340.2;381.963;419.977;458.035;495.444;530.689;35.895;45.39;54.6;62.939;70.117;76.09;80.953;84.863;87.983;90.462;62.3112074;96.0443322;138.828144;186.293146;238.538034;290.635647;339.983981;388.702242;435.906495;480.071883;1.54136529;1.445459;1.34189755;1.2804445;1.2184038;1.1697945;1.14329576;1.12144065;1.10131849;PAK
PAN;Panama;SSP4_PAN;3.517;3.986;4.358;4.605;4.711;4.688;4.551;4.318;4.014;3.663;74.799;82.063;86.192;88.805;90.592;91.885;92.862;93.624;94.235;94.735;2.63068083;3.27103118;3.75624736;4.08947025;4.26778912;4.3075688;4.22614962;4.04268432;3.7825929;3.47014305;1.24341621;1.14833738;1.08871165;1.04360439;1.00932091;0.981098577;0.956588073;0.935663683;0.917397971;PAN
PER;Peru;SSP4_PER;29.077;31.207;32.227;32.29;31.444;29.878;27.988;25.955;23.864;21.824;76.92;83.779;87.662;90.119;91.8;93.019;93.94;94.659;95.237;95.709;22.3660284;26.1449125;28.2508327;29.0994251;28.865592;27.7922168;26.2919272;24.5687434;22.7273577;20.8875322;1.16895642;1.08054799;1.03003778;0.99196434;0.962814718;0.946017634;0.934459588;0.925051691;0.91904798;PER
PHL;Philippines;SSP4_PHL;93.261;111.857;132.648;152.33;171.67;190.089;206.998;222.747;237.362;250.419;48.903;57.513;65.374;72.225;77.987;82.707;86.504;89.516;91.883;93.732;45.6074268;64.3323164;86.7173035;110.020342;133.880283;157.216909;179.06155;199.394205;218.095326;234.722737;1.41056667;1.34795867;1.26872421;1.21686844;1.17430966;1.13894587;1.1135512;1.0937897;1.07623919;PHL
PNG;Papua New Guinea;SSP4_PNG;6.858;8.371;10.031;11.567;12.943;14.156;15.169;16;16.676;17.215;12.526;18.763;26.912;36.642;47.166;57.501;66.831;74.71;81.043;85.962;0.85903308;1.57065073;2.69954272;4.23838014;6.10469538;8.13984156;10.1375944;11.9536;13.5147307;14.7983583;1.82839377;1.71874158;1.57003633;1.44033692;1.33337391;1.24542896;1.17913575;1.13059921;1.09497989;PNG
POL;Poland;SSP4_POL;38.277;38.229;37.325;35.574;33.519;31.264;28.571;25.664;23.032;20.769;60.958;66.357;70.736;74.294;77.207;79.613;81.622;83.317;84.76;86.001;23.3328937;25.3676175;26.402212;26.4293476;25.8790143;24.8902083;23.3202216;21.3824749;19.5219232;17.8615477;1.08720409;1.04078406;1.00102778;0.979177192;0.961791203;0.936923521;0.916907019;0.912987075;0.914948159;POL
PRI;Puerto Rico;SSP4_PRI;3.749;3.624;3.409;3.127;2.802;2.463;2.147;1.864;1.617;1.399;98.785;99.801;99.874;99.908;99.928;99.941;99.951;99.958;99.963;99.967;3.70344965;3.61678824;3.40470466;3.12412316;2.79998256;2.46154683;2.14594797;1.86321712;1.61640171;1.39853833;0.976599814;0.94136135;0.917590062;0.896245896;0.879129344;0.871788399;0.868248973;0.867532663;0.865217057;PRI
PRK;North Korea;SSP4_PRK;24.346;25.09;25.121;24.368;22.983;21.133;19.053;16.843;14.576;12.449;60.215;66.963;73.412;79.262;84.296;88.413;91.636;94.066;95.845;97.118;14.6599439;16.8010167;18.4418285;19.3145642;19.3737497;18.6843193;17.4594071;15.8435364;13.9703672;12.0902198;1.14604918;1.09766146;1.0473237;1.00306429;0.9644142;0.9344417;0.907449853;0.881770765;0.8654189;PRK
PRT;Portugal;SSP4_PRT;10.676;10.851;10.902;10.896;10.762;10.473;10.03;9.476;8.875;8.219;60.703;66.16;70.589;74.19;77.138;79.573;81.606;83.319;84.779;86.033;6.48065228;7.1790216;7.69561278;8.0837424;8.30159156;8.33368029;8.1850818;7.89530844;7.52413625;7.07105227;1.1077622;1.07195844;1.05043518;1.02694905;1.00386537;0.982168924;0.964597378;0.95298826;0.939782592;PRT
PRY;Paraguay;SSP4_PRY;6.455;7.632;8.861;9.991;11.059;12.02;12.877;13.693;14.484;15.239;61.495;68.971;75.424;80.8;85.159;88.621;91.329;93.423;95.028;96.252;3.96950225;5.26386672;6.68332064;8.072728;9.41773381;10.6522442;11.7604353;12.7924114;13.7638555;14.6678423;1.32607727;1.26965993;1.20789177;1.16661107;1.13108359;1.10403358;1.08774982;1.07593909;1.06567831;PRY
PSE;Palestina;SSP4_PSE;4.039;4.968;5.781;6.413;6.934;7.356;7.796;8.362;9.059;9.88;74.144;81.374;85.551;88.218;90.052;91.384;92.392;93.18;93.812;94.33;2.99467616;4.04266032;4.94570331;5.65742034;6.24420568;6.72220704;7.20288032;7.7917116;8.49842908;9.319804;1.34994908;1.2233784;1.14390613;1.10371959;1.07655119;1.07150528;1.08174942;1.09070119;1.09665021;PSE
PYF;French Polynesia;SSP4_PYF;0.271;0.298;0.317;0.327;0.329;0.324;0.312;0.297;0.278;0.259;51.443;57.906;63.012;67.022;70.189;72.715;74.754;76.42;77.796;78.944;0.13941053;0.17255988;0.19974804;0.21916194;0.23092181;0.2355966;0.23323248;0.2269674;0.21627288;0.20446496;1.23778225;1.15755783;1.09719194;1.05365836;1.02024404;0.98996539;0.973138047;0.95288081;0.945402678;PYF
QAT;Qatar;SSP4_QAT;1.759;2.544;2.986;3.354;3.586;3.677;3.614;3.41;3.143;2.846;95.831;96.546;97.143;97.639;98.05;98.391;98.673;98.907;99.099;99.258;1.68566729;2.45613024;2.90068998;3.27481206;3.516073;3.61783707;3.56604222;3.3727287;3.11468157;2.82488268;1.45706703;1.18100007;1.12897693;1.07367169;1.02894254;0.985683476;0.945790457;0.923490102;0.906957137;QAT
REU;Reunion;SSP4_REU;0.846;0.933;0.998;1.043;1.065;1.065;1.051;1.025;0.987;0.942;94.014;97.562;98.324;98.678;98.883;99.017;99.111;99.18;99.233;99.274;0.79535844;0.91025346;0.98127352;1.02921154;1.05310395;1.05453105;1.04165661;1.016595;0.97942971;0.93516108;1.14445691;1.07802229;1.04885286;1.02321428;1.00135514;0.987791313;0.975940622;0.9634414;0.954801626;REU
ROU;Romania;SSP4_ROU;21.486;20.69;19.622;18.354;16.844;15.062;13.126;11.302;9.759;8.464;57.467;64.924;71.721;77.656;82.649;86.718;89.949;92.463;94.388;95.843;12.3473596;13.4327756;14.0730946;14.2529822;13.9213976;13.0614652;11.8067057;10.4501683;9.21132492;8.11215152;1.08790673;1.04766841;1.01278238;0.976735768;0.938229449;0.903934252;0.88510449;0.881452307;0.88067152;ROU
RUS;Russia;SSP4_RUS;142.958;140.888;136.641;132.124;127.076;121.298;114.373;106.251;97.495;88.372;73.167;80.323;84.601;87.388;89.329;90.751;91.834;92.684;93.368;93.93;104.59808;113.165468;115.599652;115.460521;113.51572;110.079148;105.033301;98.4776768;91.0291316;83.0078196;1.0819077;1.02150996;0.998796439;0.983156138;0.969726025;0.954161644;0.937585281;0.92436311;0.911881923;RUS
RWA;Rwanda;SSP4_RWA;10.624;14.048;17.768;21.824;26.033;29.918;33.633;37.152;40.281;43.013;18.854;26.756;36.144;46.304;56.342;65.496;73.328;79.715;84.752;88.632;2.00304896;3.75868288;6.42206592;10.105385;14.6675129;19.5950933;24.6624062;29.6157168;34.1389531;38.1232822;1.87648078;1.70859477;1.57354114;1.45145513;1.33595201;1.25860111;1.20084458;1.15273094;1.11670917;RWA
SAU;Saudi Arabia;SSP4_SAU;27.448;35.341;43.953;52.719;61.63;70.548;78.888;86.649;93.43;98.605;82.074;84.851;87.264;89.339;91.111;92.611;93.876;94.935;95.819;96.555;22.5276715;29.9871919;38.3551459;47.0986274;56.1517093;65.3352083;74.0568989;82.2602282;89.5236917;95.2080578;1.331127;1.27905094;1.22796111;1.19221541;1.16354799;1.13349143;1.11077063;1.08829861;1.06349566;SAU
SDN;Sudan;SSP4_SDN;43.552;55.132;68.179;80.956;93.248;104.64;114.707;123.703;131.583;138.189;40.104;50.471;59.782;67.623;73.988;79.067;83.098;86.297;88.846;90.888;17.4660941;27.8256717;40.7587698;54.7448759;68.9923302;82.7357088;95.3192229;106.751978;116.906232;125.597218;1.59312503;1.46479015;1.34314348;1.26025183;1.19920154;1.1520929;1.11994176;1.09512006;1.07434151;SDN
SEN;Senegal;SSP4_SEN;12.434;16.264;20.771;25.558;30.505;35.391;40.39;45.625;51.06;56.663;42.379;51.95;60.631;68.081;74.254;79.269;83.302;86.534;89.122;91.197;5.26940486;8.449148;12.593665;17.400142;22.6511827;28.0540918;33.6456778;39.4811375;45.5056932;51.6749561;1.60343497;1.49052484;1.38165832;1.30178149;1.23852658;1.19931445;1.17343861;1.15259327;1.13557123;SEN
SGP;Singapore;SSP4_SGP;5.086;5.692;5.979;6.165;6.203;6.107;5.848;5.443;4.942;4.385;100;100;100;100;100;100;100;100;100;100;5.086;5.692;5.979;6.165;6.203;6.107;5.848;5.443;4.942;4.385;1.11915061;1.05042164;1.03110888;1.00616383;0.984523618;0.957589651;0.930745554;0.907955172;0.887292594;SGP
SLB;Solomon Islands;SSP4_SLB;0.538;0.679;0.83;0.98;1.121;1.253;1.372;1.478;1.572;1.658;18.551;28.042;38.955;49.88;59.682;67.866;74.433;79.61;83.671;86.863;0.09980438;0.19040518;0.3233265;0.488824;0.66903522;0.85036098;1.02122076;1.1766358;1.31530812;1.44018854;1.90778381;1.69809718;1.51185876;1.36866279;1.27102573;1.20092618;1.15218555;1.11785492;1.09494385;SLB
SLE;Sierra Leone;SSP4_SLE;5.868;7.41;9.076;10.702;12.221;13.59;14.726;15.622;16.309;16.811;38.395;47.404;55.95;63.601;70.176;75.678;80.207;83.903;86.905;89.34;2.2530186;3.5126364;5.078022;6.80657902;8.57620896;10.2846402;11.8112828;13.1073267;14.1733365;15.0189474;1.55908007;1.44564408;1.34039967;1.25998816;1.19920588;1.14843909;1.1097293;1.08132931;1.0596621;SLE
SLV;El Salvador;SSP4_SLV;6.193;6.322;6.199;5.932;5.561;5.122;4.695;4.29;3.905;3.553;64.305;72.434;78.186;82.338;85.418;87.764;89.595;91.054;92.237;93.212;3.98240865;4.57927748;4.84675014;4.88429016;4.75009498;4.49527208;4.20648525;3.9062166;3.60185485;3.31182236;1.14987634;1.05840936;1.0077454;0.972525142;0.946354146;0.935757653;0.928617686;0.922082726;0.919476908;SLV
SOM;Somalia;SSP4_SOM;9.331;11.64;14.509;17.518;20.347;22.899;25.358;27.827;30.275;32.692;37.448;46.281;54.735;62.372;68.991;74.572;79.198;82.995;86.097;88.625;3.49427288;5.3871084;7.94150115;10.926327;14.0375988;17.0762423;20.0830288;23.0950187;26.0658667;28.973285;1.54169654;1.47416769;1.37585159;1.28475002;1.21646462;1.17608011;1.14997687;1.12863588;1.11154121;SOM
SRB;Serbia;SSP4_SRB;9.856;9.681;9.547;9.373;9.123;8.794;8.257;7.539;6.746;5.921;56.061;63.651;70.499;76.443;81.437;85.528;88.812;91.407;93.433;95;5.52537216;6.16205331;6.73053953;7.16500239;7.42949751;7.52133232;7.33320684;6.89117373;6.30299018;5.62495;1.11522865;1.09225597;1.06455097;1.03691487;1.01236084;0.974987745;0.939721718;0.914646826;0.892425633;SRB
STP;Sao Tome and Principe;SSP4_STP;0.165;0.188;0.21;0.227;0.24;0.249;0.259;0.27;0.284;0.299;62.225;69.783;75.506;79.858;83.212;85.841;87.934;89.628;91.017;92.17;0.10267125;0.13119204;0.1585626;0.18127766;0.1997088;0.21374409;0.22774906;0.2419956;0.25848828;0.2755883;1.2777875;1.20862973;1.1432561;1.10167353;1.07027878;1.06552214;1.06255367;1.06815281;1.06615395;STP
SUR;Suriname;SSP4_SUR;0.525;0.567;0.597;0.61;0.608;0.593;0.568;0.535;0.497;0.455;69.382;75.221;79.948;83.749;86.8;89.253;91.229;92.827;94.122;95.175;0.3642555;0.42650307;0.47728956;0.5108689;0.527744;0.52927029;0.51818072;0.49662445;0.46778634;0.43304625;1.17088986;1.11907649;1.07035423;1.03303215;1.0028921;0.979047435;0.958400093;0.941931755;0.925735134;SUR
SVK;Slovakia;SSP4_SVK;5.462;5.574;5.571;5.441;5.254;5.005;4.652;4.249;3.864;3.505;54.967;60.934;65.42;68.812;71.41;73.43;75.024;76.298;77.329;78.171;3.00229754;3.39646116;3.6445482;3.74406092;3.7518814;3.6751715;3.49011648;3.24190202;2.98799256;2.73989355;1.13128733;1.0730428;1.02730454;1.00208877;0.979554284;0.949647242;0.928880752;0.921678861;0.916967996;SVK
SVN;Slovenia;SSP4_SVN;2.03;2.082;2.096;2.094;2.076;2.038;1.974;1.889;1.783;1.663;49.505;55.749;60.932;65.182;68.663;71.526;73.898;75.879;77.55;78.971;1.0049515;1.16069418;1.27713472;1.36491108;1.42544388;1.45769988;1.45874652;1.43335431;1.3827165;1.31328773;1.15497532;1.10031974;1.06872913;1.04434926;1.02262874;1.00071801;0.982593131;0.964671812;0.949788138;SVN
SWE;Sweden;SSP4_SWE;9.38;10.094;10.676;11.109;11.498;11.771;11.835;11.71;11.364;10.797;84.682;87.042;88.953;90.519;91.816;92.9;93.814;94.59;95.253;95.823;7.9431716;8.78601948;9.49662228;10.0557557;10.5570037;10.935259;11.1028869;11.076489;10.8245509;10.3460093;1.10610974;1.08087881;1.05887708;1.04984687;1.0358298;1.01532912;0.997622429;0.977254699;0.955791089;SWE
SWZ;Swaziland;SSP4_SWZ;1.186;1.332;1.437;1.517;1.589;1.646;1.694;1.762;1.841;1.923;21.373;30.276;40.01;49.557;58.166;65.505;71.565;76.494;80.485;83.72;0.25348378;0.40327632;0.5749437;0.75177969;0.92425774;1.0782123;1.2123111;1.34782428;1.48172885;1.6099356;1.5909354;1.42568178;1.30757097;1.22942632;1.16657103;1.12437142;1.11178086;1.09934869;1.08652511;SWZ
SYR;Syria;SSP4_SYR;20.411;24.664;29.644;34.331;38.815;43.277;47.363;51.318;55.315;59.284;55.741;63.837;71.09;77.309;82.452;86.587;89.84;92.357;94.28;95.736;11.3772955;15.7447577;21.0739196;26.5409528;32.0037438;37.472256;42.5509192;47.3957653;52.150982;56.7561302;1.38387525;1.33847215;1.25942175;1.20582498;1.17087102;1.13553129;1.11385996;1.10032999;1.08830415;SYR
TCD;Chad;SSP4_TCD;11.227;14.722;18.87;23.251;27.589;31.593;35.165;38.356;41.088;43.307;27.625;37.699;48.097;57.816;66.256;73.241;78.861;83.318;86.827;89.586;3.10145875;5.55004678;9.0759039;13.4427982;18.2793678;23.1390291;27.7314707;31.9574521;35.6754778;38.797009;1.7894956;1.63528422;1.48115255;1.35978891;1.265855;1.19847166;1.15238937;1.11634299;1.08749795;TCD
TGO;Togo;SSP4_TGO;6.028;7.328;8.697;9.948;11.059;11.997;12.73;13.307;13.794;14.217;43.441;53.793;63.155;71.093;77.543;82.651;86.636;89.72;92.097;93.925;2.61862348;3.94195104;5.49259035;7.07233164;8.57548037;9.91564047;11.0287628;11.9390404;12.7038602;13.3533172;1.50535236;1.39336849;1.28761316;1.21253934;1.15627814;1.11225925;1.08253669;1.06406041;1.05112281;TGO
THA;Thailand;SSP4_THA;69.122;72.27;73.264;72.011;68.553;63.758;58.027;51.768;45.474;39.495;33.963;43.622;52.916;61.228;68.303;74.152;78.913;82.763;85.874;88.391;23.4759049;31.5256194;38.7683782;44.0908951;46.8237556;47.2778322;45.7908465;42.8447498;39.0503428;34.9100254;1.34289262;1.229742;1.13729016;1.06198242;1.00969757;0.968547931;0.935661887;0.911438225;0.893974879;THA
TJK;Tajikistan;SSP4_TJK;6.879;7.645;8.296;8.714;9.017;9.187;9.358;9.621;9.966;10.384;26.319;35.397;45.188;54.862;63.728;71.387;77.726;82.818;86.827;89.944;1.81048401;2.70610065;3.74879648;4.78067468;5.74635376;6.55832369;7.27359908;7.96791978;8.65317882;9.33978496;1.49468354;1.38531303;1.27525586;1.2019964;1.14130177;1.10906375;1.09545765;1.08600225;1.07934727;TJK
TKM;Turkmenistan;SSP4_TKM;5.042;5.514;5.772;5.838;5.729;5.46;5.088;4.655;4.202;3.76;49.502;57.985;65.768;72.585;78.339;83.062;86.858;89.863;92.215;94.04;2.49589084;3.1972929;3.79612896;4.2375123;4.48804131;4.5351852;4.41933504;4.18312265;3.8748743;3.535904;1.28102273;1.18729471;1.11627196;1.05912172;1.01050434;0.974455253;0.946550242;0.926311424;0.912520956;TKM
TLS;East Timor;SSP4_TLS;1.124;1.418;1.785;2.152;2.521;2.861;3.2;3.583;4.009;4.469;28.122;38.205;48.598;58.316;66.762;73.754;79.376;83.825;87.317;90.05;0.31609128;0.5417469;0.8674743;1.25496032;1.68307002;2.11010194;2.540032;3.00344975;3.50053853;4.0243345;1.71389385;1.60125383;1.446683;1.34113405;1.25372202;1.20374848;1.18244563;1.16550594;1.14963297;TLS
TON;Tonga;SSP4_TON;0.104;0.11;0.116;0.119;0.12;0.12;0.121;0.123;0.128;0.135;23.428;34.908;47.161;58.48;67.939;75.4;81.129;85.485;88.796;91.32;0.02436512;0.0383988;0.05470676;0.0695912;0.0815268;0.09048;0.09816609;0.10514655;0.11365888;0.123282;1.57597418;1.42469973;1.2720768;1.17151019;1.1098191;1.08494794;1.07110867;1.08095682;1.08466668;TON
TTO;Trinidad and Tobago;SSP4_TTO;1.341;1.36;1.329;1.263;1.163;1.041;0.911;0.783;0.669;0.571;13.877;17.926;22.599;27.756;33.195;38.695;44.055;49.121;53.798;58.044;0.18609057;0.2437936;0.30034071;0.35055828;0.38605785;0.40281495;0.40134105;0.38461743;0.35990862;0.33143124;1.31008035;1.23194665;1.16720201;1.10126582;1.04340567;0.996341;0.958330652;0.935757436;0.920876082;TTO
TUN;Tunisia;SSP4_TUN;10.481;11.367;11.863;11.989;11.817;11.31;10.501;9.553;8.622;7.748;67.284;73.404;78.275;82.148;85.241;87.727;89.741;91.386;92.738;93.856;7.05203604;8.34383268;9.28576325;9.84872372;10.072929;9.9219237;9.42370241;8.73010458;7.99587036;7.27196288;1.18318066;1.11288944;1.06062619;1.0227649;0.985008802;0.949785817;0.926398585;0.915896286;0.90946483;TUN
TUR;Turkey;SSP4_TUR;72.752;80.941;86.945;90.576;91.829;90.76;87.802;83.514;78.516;73.172;69.649;75.499;80.07;83.656;86.493;88.76;90.59;92.08;93.305;94.318;50.6710405;61.1096456;69.6168615;75.7722586;79.425657;80.558576;79.5398318;76.8996912;73.2593538;69.014367;1.20600732;1.13921233;1.08841819;1.04821551;1.01426389;0.987353994;0.966807315;0.952661222;0.942055361;TUR
TZA;Tanzania;SSP4_TZA;44.841;59.74;77.896;97.931;119.048;139.487;159.139;178.185;196.553;213.74;26.383;35.656;45.447;54.886;63.351;70.564;76.509;81.313;85.153;88.205;11.830401;21.3008944;35.4013951;53.7504087;75.4180985;98.4276067;121.755658;144.887569;167.370776;188.529367;1.80052175;1.66196754;1.51831329;1.40311675;1.30509266;1.23700719;1.18998634;1.15517692;1.12641748;TZA
UGA;Uganda;SSP4_UGA;33.425;46.956;64.932;86.874;112.337;138.916;165.568;192.008;216.987;240.322;13.295;19.405;27.292;36.703;46.985;57.25;66.681;74.752;81.285;86.355;4.44385375;9.1118118;17.7212414;31.8853642;52.7815395;79.52941;110.402398;143.52982;176.377883;207.530063;2.05043017;1.94486473;1.79927373;1.65535319;1.50676564;1.38819586;1.30006071;1.2288588;1.17662181;UGA
UKR;Ukraine;SSP4_UKR;45.448;42.658;40.235;38.194;36.216;34.23;31.952;29.353;26.617;23.823;68.787;74.671;79.302;82.957;85.862;88.193;90.082;91.625;92.896;93.952;31.2623158;31.8531552;31.9071597;31.6845966;31.0957819;30.1884639;28.7830006;26.8946863;24.7261283;22.382185;1.01889941;1.00169542;0.993024665;0.981416375;0.97082183;0.953443697;0.934394804;0.919368536;0.905203786;UKR
URY;Uruguay;SSP4_URY;3.369;3.398;3.359;3.254;3.086;2.874;2.644;2.408;2.172;1.942;92.479;93.482;94.359;95.125;95.791;96.369;96.871;97.305;97.681;98.005;3.11561751;3.17651836;3.16951881;3.0953675;2.95611026;2.76964506;2.56126924;2.3431044;2.12163132;1.9032571;1.01954696;0.997796471;0.976604868;0.95501108;0.936922109;0.924764432;0.914821591;0.905478783;0.897072494;URY
USA;United States;SSP4_USA;310.384;333.634;353.765;369.196;379.154;386.15;389.653;387.129;378.219;364.584;82.286;85.061;87.476;89.555;91.329;92.828;94.088;95.14;96.014;96.737;255.402578;283.792417;309.459471;330.633478;346.277557;358.455322;366.616715;368.314531;363.143191;352.687624;1.11115721;1.09044306;1.06842255;1.04731547;1.03516764;1.02276823;1.00463104;0.985959446;0.971208144;USA
UZB;Uzbekistan;SSP4_UZB;27.445;29.73;30.84;30.925;30.169;28.623;26.614;24.336;21.974;19.729;36.247;45.694;54.898;63.273;70.512;76.546;81.458;85.396;88.523;90.993;9.94798915;13.5848262;16.9305432;19.5671753;21.2727653;21.9097616;21.6792321;20.7819706;19.452044;17.952009;1.36558514;1.24628339;1.15573228;1.08716588;1.02994422;0.989478231;0.958611931;0.936005754;0.922885479;UZB
VCT;Saint Vincent and the Grenadines;SSP4_VCT;0.109;0.109;0.107;0.103;0.097;0.09;0.083;0.075;0.068;0.061;49.329;58.829;66.538;72.613;77.366;81.105;84.074;86.461;88.403;90.001;0.05376861;0.06412361;0.07119566;0.07479139;0.07504502;0.0729945;0.06978142;0.06484575;0.06011404;0.05490061;1.19258448;1.11028777;1.0505049;1.00339117;0.972676135;0.955981889;0.929269568;0.927031301;0.913274337;VCT
VEN;Venezuela;SSP4_VEN;28.98;33.063;36.154;38.113;38.912;38.65;37.412;35.347;32.714;29.765;93.353;95.538;97.027;98.03;98.699;99.143;99.436;99.629;99.757;99.84;27.0536994;31.5877289;35.0791416;37.3621739;38.4057549;38.3187695;37.2009963;35.2158626;32.634505;29.717376;1.1675937;1.11053066;1.06508233;1.02793148;0.997735095;0.970829617;0.94663762;0.926699008;0.910612127;VEN
VIR;Virgin Islands U.S.;SSP4_VIR;0.109;0.113;0.115;0.114;0.11;0.106;0.101;0.095;0.088;0.079;95.27;97.484;98.75;99.403;99.72;99.87;99.94;99.972;99.987;99.994;0.1038443;0.11015692;0.1135625;0.11331942;0.109692;0.1058622;0.1009394;0.0949734;0.08798856;0.07899526;1.06078928;1.03091572;0.997859505;0.967989423;0.965085877;0.953498038;0.94089523;0.926454776;0.897790122;VIR
VNM;Vietnam;SSP4_VNM;87.848;95.447;99.169;99.689;96.94;91.283;83.798;75.102;66.099;57.821;30.379;40.222;50.331;59.845;68.198;75.172;80.799;85.241;88.698;91.367;26.6873439;38.3906923;49.9127494;59.6588821;66.1111412;68.6192568;67.707946;64.0176958;58.628491;52.8293131;1.43853553;1.30012632;1.19526339;1.10815253;1.03793787;0.986719315;0.945497531;0.915816951;0.90108601;VNM
VUT;Vanuatu;SSP4_VUT;0.24;0.3;0.366;0.431;0.493;0.551;0.601;0.644;0.681;0.712;25.563;36.969;48.796;59.561;68.529;75.633;81.13;85.347;88.582;91.071;0.0613512;0.110907;0.17859336;0.25670791;0.33784797;0.41673783;0.4875913;0.54963468;0.60324342;0.64842552;1.8077397;1.61029836;1.43738776;1.31607931;1.23350698;1.17001929;1.12724464;1.09753522;1.07489862;VUT
WSM;Samoa;SSP4_WSM;0.183;0.19;0.196;0.198;0.195;0.191;0.19;0.192;0.199;0.21;20.231;29.927;40.564;50.783;59.695;67.033;72.914;77.587;81.308;84.292;0.03702273;0.0568613;0.07950544;0.10055034;0.11640525;0.12803303;0.1385366;0.14896704;0.16180292;0.1770132;1.53584838;1.39823465;1.26469761;1.15768132;1.09989051;1.08203797;1.07529014;1.08616591;1.09400498;WSM
YEM;Yemen;SSP4_YEM;24.053;32.802;43.705;55.595;68.78;82.096;95.004;107.821;120.204;131.7;31.803;42.271;52.609;61.935;69.828;76.248;81.355;85.372;88.517;90.975;7.64957559;13.8657334;22.9927635;34.4327633;48.0276984;62.5965581;77.2905042;92.0489441;106.400975;119.814075;1.81261473;1.65824358;1.49754784;1.39482556;1.30334287;1.23474048;1.19094765;1.15591738;1.12606182;YEM
ZAF;South Africa;SSP4_ZAF;50.133;54.132;56.455;57.07;56.248;54.441;51.562;47.738;43.405;38.772;61.702;68.829;75.162;80.572;85.038;88.622;91.434;93.601;95.248;96.488;30.9330637;37.2585143;42.4327071;45.9824404;47.8321742;48.246703;47.1451991;44.6832454;41.3423944;37.4103274;1.20448833;1.13887276;1.08365559;1.04022696;1.00866632;0.977169343;0.947779334;0.92523258;0.904890196;ZAF
ZMB;Zambia;SSP4_ZMB;13.089;17.776;23.548;30.201;37.278;44.179;51.012;57.747;64.13;70.147;35.702;45.74;55.337;63.855;71.04;76.912;81.627;85.38;88.357;90.717;4.67303478;8.1307424;13.0307568;19.2848485;26.4822912;33.9789525;41.6395652;49.3043886;56.6633441;63.635254;1.73992765;1.60265276;1.47994847;1.37321748;1.28308205;1.2254517;1.18407549;1.14925559;1.12304092;ZMB
ZWE;Zimbabwe;SSP4_ZWE;12.571;13.118;13.598;13.824;14.062;14.196;14.397;14.75;15.215;15.774;38.254;47.314;55.867;63.484;70.003;75.442;79.916;83.569;86.542;88.962;4.80891034;6.20665052;7.59679466;8.77602816;9.84382186;10.7097463;11.5055065;12.3264275;13.1673653;14.0328659;1.29065632;1.22397655;1.15522777;1.12167164;1.08796629;1.07430243;1.07135027;1.06822235;1.06573073;ZWE
