Region;Model;Scenario;Variable;Unit;Y2010;Y2015;Y2020;Y2025;Y2030;Y2035;Y2040;Y2045;Y2050;Y2055;Y2060;Y2065;Y2070;Y2075;Y2080;Y2085;Y2090;Y2095;Y2100
ABW;OECD Env-Growth;SSP2;GDP|PPP;billion US$2005/yr;0.151;0.205;0.264;0.342;0.442;0.562;0.715;0.905;1.139;1.422;1.762;2.161;2.621;3.138;3.711;4.314;4.951;5.615;6.301
AFG;OECD Env-Growth;SSP2;GDP|PPP;billion US$2005/yr;37.237;48.185;60.175;77.749;101.896;134.116;177.824;236.506;314.371;415.985;546.228;711.887;920.484;1180.436;1499.321;1884.331;2341.087;2874.947;3490.802
AGO;OECD Env-Growth;SSP2;GDP|PPP;billion US$2005/yr;98.686;128.679;172.787;200.062;218.446;228.144;244.750;275.557;324.819;394.374;486.447;603.490;747.486;919.388;1119.581;1347.305;1601.584;1881.075;2184.172
ALB;OECD Env-Growth;SSP2;GDP|PPP;billion US$2005/yr;24.545;26.994;30.562;34.682;39.071;43.555;48.348;53.341;58.205;63.076;68.080;73.021;77.718;82.299;86.642;90.580;94.198;97.670;101.192
ARE;OECD Env-Growth;SSP2;GDP|PPP;billion US$2005/yr;318.142;441.163;539.009;649.478;770.483;888.156;1003.909;1109.020;1201.108;1290.481;1388.918;1484.081;1572.360;1648.400;1712.851;1764.958;1806.866;1837.584;1855.778
ARG;OECD Env-Growth;SSP2;GDP|PPP;billion US$2005/yr;580.427;719.037;867.442;1027.986;1198.221;1375.798;1553.995;1730.236;1911.358;2098.052;2288.136;2480.415;2671.430;2857.556;3041.834;3225.979;3411.146;3595.480;3776.697
ARM;OECD Env-Growth;SSP2;GDP|PPP;billion US$2005/yr;15.153;18.200;21.524;25.100;28.975;32.972;36.923;40.518;43.626;46.431;49.390;52.773;55.940;58.812;61.741;64.848;68.258;71.924;75.794
AUS;OECD Env-Growth;SSP2;GDP|PPP;billion US$2005/yr;795.588;940.674;1109.603;1274.292;1435.039;1596.706;1767.154;1949.398;2131.336;2318.113;2523.602;2742.497;2968.971;3192.857;3413.913;3627.772;3837.011;4044.011;4248.259
AUT;OECD Env-Growth;SSP2;GDP|PPP;billion US$2005/yr;296.850;330.499;361.062;389.709;418.795;450.296;486.079;524.178;561.294;598.484;636.665;676.178;715.637;754.746;792.451;828.140;861.982;894.444;925.629
AZE;OECD Env-Growth;SSP2;GDP|PPP;billion US$2005/yr;80.696;91.709;105.753;115.758;126.205;130.776;136.835;145.290;155.347;167.574;183.726;204.609;227.308;248.932;271.156;295.178;322.319;351.795;381.645
BDI;OECD Env-Growth;SSP2;GDP|PPP;billion US$2005/yr;4.389;5.761;8.010;11.189;15.805;22.228;31.322;43.744;60.196;81.673;109.477;144.579;187.890;239.530;299.300;367.433;444.559;530.695;624.595
BEL;OECD Env-Growth;SSP2;GDP|PPP;billion US$2005/yr;357.666;385.894;418.201;456.962;502.917;555.813;613.192;671.950;731.121;792.525;857.522;924.727;991.932;1058.691;1125.450;1192.173;1259.224;1326.701;1393.085
BEN;OECD Env-Growth;SSP2;GDP|PPP;billion US$2005/yr;12.601;15.174;19.318;25.282;33.205;43.426;57.238;75.681;99.895;131.145;170.893;220.483;281.109;353.445;438.376;536.573;648.647;774.866;914.833
BFA;OECD Env-Growth;SSP2;GDP|PPP;billion US$2005/yr;18.709;25.287;34.931;48.346;66.267;89.670;121.424;164.200;220.999;295.065;389.477;507.973;654.037;830.084;1038.103;1279.557;1554.487;1863.077;2204.440
BGD;OECD Env-Growth;SSP2;GDP|PPP;billion US$2005/yr;221.297;301.561;424.974;576.478;750.712;946.445;1179.101;1448.135;1754.129;2101.202;2492.444;2925.632;3402.033;3923.213;4476.561;5058.326;5667.907;6308.260;6975.532
BGR;OECD Env-Growth;SSP2;GDP|PPP;billion US$2005/yr;86.738;96.140;118.414;141.504;165.035;187.524;208.546;227.666;245.587;263.718;283.470;303.292;321.149;336.395;350.168;362.968;375.029;386.216;396.137
BHR;OECD Env-Growth;SSP2;GDP|PPP;billion US$2005/yr;26.934;35.348;44.987;57.472;71.569;87.237;103.751;120.287;136.863;154.796;174.582;194.733;214.473;232.830;249.401;264.498;278.556;291.297;301.978
BHS;OECD Env-Growth;SSP2;GDP|PPP;billion US$2005/yr;9.647;10.905;12.473;13.941;15.315;16.668;18.052;19.504;20.907;22.313;23.738;25.225;26.787;28.271;29.701;31.052;32.310;33.488;34.616
BIH;OECD Env-Growth;SSP2;GDP|PPP;billion US$2005/yr;28.065;30.826;37.579;45.632;53.940;62.179;70.170;77.246;83.032;87.985;92.872;96.603;99.827;102.467;104.264;105.609;106.694;107.697;108.748
BLR;OECD Env-Growth;SSP2;GDP|PPP;billion US$2005/yr;118.671;145.398;176.267;205.923;234.472;262.236;287.769;309.577;327.584;345.345;366.346;388.913;409.969;427.680;442.968;457.897;473.601;490.053;505.940
BLZ;OECD Env-Growth;SSP2;GDP|PPP;billion US$2005/yr;2.061;2.289;2.611;3.077;3.653;4.315;5.080;5.949;6.919;8.000;9.200;10.539;12.018;13.631;15.380;17.261;19.283;21.455;23.786
BOL;OECD Env-Growth;SSP2;GDP|PPP;billion US$2005/yr;43.190;54.698;69.511;89.569;113.995;142.494;176.448;216.479;262.786;315.515;374.464;439.964;511.757;589.783;673.652;762.418;855.439;952.624;1053.584
BRA;OECD Env-Growth;SSP2;GDP|PPP;billion US$2005/yr;1967.541;2313.373;2814.726;3308.152;3776.172;4225.471;4687.932;5153.778;5613.100;6082.409;6559.794;7025.864;7488.784;7966.355;8436.349;8899.190;9362.067;9833.185;10312.230
BRB;OECD Env-Growth;SSP2;GDP|PPP;billion US$2005/yr;4.804;5.081;5.616;6.115;6.623;7.127;7.638;8.169;8.681;9.177;9.651;10.127;10.636;11.119;11.592;12.036;12.462;12.876;13.277
BRN;OECD Env-Growth;SSP2;GDP|PPP;billion US$2005/yr;18.153;20.964;24.759;28.476;32.244;36.206;40.311;44.543;49.007;53.680;58.544;63.259;67.612;71.525;75.031;78.062;80.616;82.735;84.472
BTN;OECD Env-Growth;SSP2;GDP|PPP;billion US$2005/yr;3.470;5.681;9.804;14.499;19.990;26.334;33.684;41.993;51.041;60.664;70.894;81.584;92.385;102.970;112.930;122.152;130.693;138.565;145.660
BWA;OECD Env-Growth;SSP2;GDP|PPP;billion US$2005/yr;25.012;31.094;38.869;46.623;54.411;62.146;70.468;79.284;88.597;98.459;109.026;119.835;130.565;140.889;150.776;160.073;168.651;176.248;182.595
CAF;OECD Env-Growth;SSP2;GDP|PPP;billion US$2005/yr;3.114;3.851;5.052;6.696;8.856;11.633;15.355;20.284;26.702;34.927;45.283;58.059;73.573;92.102;113.899;139.193;168.114;200.814;237.333
CAN;OECD Env-Growth;SSP2;GDP|PPP;billion US$2005/yr;1201.888;1353.751;1531.718;1694.124;1861.567;2046.673;2245.510;2448.009;2647.380;2848.396;3067.688;3311.851;3575.443;3846.626;4123.553;4399.106;4674.884;4953.774;5236.013
CHE;OECD Env-Growth;SSP2;GDP|PPP;billion US$2005/yr;294.115;322.506;356.387;388.234;419.135;452.200;491.907;537.203;586.001;637.560;691.927;748.847;807.271;865.728;924.234;982.016;1037.928;1091.897;1144.650
CHL;OECD Env-Growth;SSP2;GDP|PPP;billion US$2005/yr;232.988;295.595;367.453;439.623;510.276;580.255;654.170;732.004;809.537;885.780;963.353;1043.483;1124.132;1203.287;1281.247;1357.076;1430.858;1503.491;1574.903
CHN;OECD Env-Growth;SSP2;GDP|PPP;billion US$2005/yr;9121.348;13882.122;20376.807;27245.163;33582.335;38906.859;43613.037;47745.912;50967.520;53257.441;55132.455;56609.017;57738.484;58448.264;58955.589;59167.025;59231.773;59221.418;59184.717
CIV;OECD Env-Growth;SSP2;GDP|PPP;billion US$2005/yr;33.443;41.484;60.178;92.286;137.605;195.787;268.618;357.523;462.108;583.435;721.027;874.793;1043.688;1226.742;1423.444;1633.042;1853.955;2083.174;2318.361
CMR;OECD Env-Growth;SSP2;GDP|PPP;billion US$2005/yr;40.336;50.623;65.952;87.462;115.837;151.332;196.115;251.220;318.234;398.882;494.297;605.025;730.477;870.231;1024.750;1193.711;1376.361;1571.036;1775.340
COD;OECD Env-Growth;SSP2;GDP|PPP;billion US$2005/yr;20.876;29.611;44.539;73.210;116.725;177.572;263.901;384.520;547.687;762.241;1037.645;1383.768;1810.730;2325.037;2929.010;3620.533;4401.127;5270.344;6224.715
COG;OECD Env-Growth;SSP2;GDP|PPP;billion US$2005/yr;15.396;22.683;30.300;40.660;53.200;68.004;85.623;106.258;130.342;158.227;190.062;225.514;264.357;306.320;351.353;399.105;449.147;500.690;552.961
COL;OECD Env-Growth;SSP2;GDP|PPP;billion US$2005/yr;392.550;493.714;605.146;707.202;829.777;967.583;1123.587;1295.192;1482.473;1685.712;1904.211;2138.345;2385.882;2643.011;2909.486;3181.157;3455.242;3730.202;4003.749
COM;OECD Env-Growth;SSP2;GDP|PPP;billion US$2005/yr;0.723;0.837;1.038;1.397;1.920;2.613;3.530;4.719;6.249;8.208;10.654;13.620;17.114;21.167;25.860;31.257;37.346;44.070;51.353
CPV;OECD Env-Growth;SSP2;GDP|PPP;billion US$2005/yr;1.723;2.140;2.697;3.329;4.016;4.761;5.597;6.509;7.474;8.486;9.566;10.780;12.144;13.648;15.269;17.021;18.930;21.019;23.294
CRI;OECD Env-Growth;SSP2;GDP|PPP;billion US$2005/yr;48.697;60.654;75.296;90.948;107.080;124.166;142.716;162.239;182.401;203.413;226.071;249.886;274.537;299.730;324.818;349.411;373.207;396.067;418.042
CUB;OECD Env-Growth;SSP2;GDP|PPP;billion US$2005/yr;64.700;76.263;85.199;94.947;104.175;113.320;123.751;135.989;148.217;159.494;170.332;180.967;191.552;202.970;214.619;226.170;237.777;249.652;262.121
CYP;OECD Env-Growth;SSP2;GDP|PPP;billion US$2005/yr;20.867;20.882;22.938;25.190;27.823;30.736;33.972;37.391;40.891;44.708;48.994;53.696;58.631;63.515;68.211;72.663;76.976;81.262;85.519
CZE;OECD Env-Growth;SSP2;GDP|PPP;billion US$2005/yr;248.639;285.611;336.695;391.508;452.352;516.929;582.100;643.228;707.387;771.963;839.997;914.824;990.328;1060.586;1127.320;1192.193;1256.177;1321.001;1387.073
DEU;OECD Env-Growth;SSP2;GDP|PPP;billion US$2005/yr;2727.329;2984.875;3175.183;3337.965;3487.772;3668.520;3907.280;4154.085;4391.664;4629.785;4896.419;5169.754;5452.625;5734.968;6012.666;6278.999;6534.794;6784.657;7026.177
DJI;OECD Env-Growth;SSP2;GDP|PPP;billion US$2005/yr;1.884;2.381;3.171;4.330;5.883;7.851;10.266;13.129;16.440;20.172;24.342;28.969;33.986;39.336;44.986;50.938;57.143;63.570;70.164
DNK;OECD Env-Growth;SSP2;GDP|PPP;billion US$2005/yr;180.168;194.080;211.420;227.151;243.015;261.010;282.888;309.114;338.981;370.734;404.615;441.040;480.017;521.560;566.164;612.794;660.703;709.811;760.622
DOM;OECD Env-Growth;SSP2;GDP|PPP;billion US$2005/yr;83.260;103.975;128.565;153.930;181.029;209.627;240.750;274.011;309.048;345.825;383.842;423.393;464.068;505.789;548.481;591.698;635.070;678.313;721.149
DZA;OECD Env-Growth;SSP2;GDP|PPP;billion US$2005/yr;268.295;312.438;380.324;463.917;545.477;612.169;671.988;743.584;833.754;940.422;1063.992;1205.104;1354.555;1508.445;1665.407;1826.054;1994.087;2170.795;2351.916
ECU;OECD Env-Growth;SSP2;GDP|PPP;billion US$2005/yr;104.160;127.048;150.959;180.709;215.201;253.597;298.437;349.740;407.379;471.880;542.918;619.691;701.903;788.737;879.643;973.852;1070.622;1169.631;1269.947
EGY;OECD Env-Growth;SSP2;GDP|PPP;billion US$2005/yr;449.698;532.191;713.422;938.518;1212.600;1538.822;1918.477;2340.879;2798.536;3301.109;3849.555;4432.067;5032.365;5644.271;6266.967;6902.366;7546.803;8191.212;8826.978
ERI;OECD Env-Growth;SSP2;GDP|PPP;billion US$2005/yr;2.573;3.233;3.562;4.383;5.493;6.937;8.952;11.762;15.686;21.106;28.478;38.241;50.809;66.616;86.286;110.448;139.630;174.032;213.554
ESP;OECD Env-Growth;SSP2;GDP|PPP;billion US$2005/yr;1242.302;1310.597;1392.132;1472.780;1569.988;1675.917;1784.012;1892.213;2013.412;2158.096;2326.826;2510.417;2691.414;2865.134;3044.370;3231.111;3430.449;3637.335;3839.140
EST;OECD Env-Growth;SSP2;GDP|PPP;billion US$2005/yr;22.253;27.713;32.636;37.394;42.481;48.050;53.844;59.570;64.840;69.581;75.024;81.046;87.120;92.784;98.277;103.695;109.339;115.442;121.805
ETH;OECD Env-Growth;SSP2;GDP|PPP;billion US$2005/yr;77.328;107.936;149.843;203.589;275.659;369.265;497.629;670.221;895.670;1183.638;1543.859;1988.084;2529.575;3178.509;3936.801;4806.603;5789.084;6887.758;8100.545
FIN;OECD Env-Growth;SSP2;GDP|PPP;billion US$2005/yr;170.072;190.274;208.100;225.135;243.305;263.742;286.734;310.531;335.642;362.522;391.387;423.424;457.749;493.520;530.659;568.873;608.326;649.439;692.234
FJI;OECD Env-Growth;SSP2;GDP|PPP;billion US$2005/yr;3.575;3.955;4.416;5.100;5.980;7.014;8.244;9.676;11.330;13.227;15.356;17.771;20.445;23.349;26.530;30.016;33.824;37.940;42.343
FRA;OECD Env-Growth;SSP2;GDP|PPP;billion US$2005/yr;1921.794;2046.183;2233.773;2438.593;2668.773;2923.781;3201.249;3494.032;3789.860;4098.249;4432.070;4783.015;5142.001;5506.999;5882.241;6268.007;6662.602;7066.013;7475.290
GAB;OECD Env-Growth;SSP2;GDP|PPP;billion US$2005/yr;20.490;24.131;27.787;32.683;38.220;44.307;51.282;59.132;67.734;77.046;86.997;97.629;108.785;120.293;132.164;144.215;156.253;168.137;179.756
GBR;OECD Env-Growth;SSP2;GDP|PPP;billion US$2005/yr;2014.292;2186.467;2469.653;2733.369;2989.880;3255.240;3550.309;3872.138;4196.667;4528.865;4894.744;5297.050;5727.209;6162.320;6601.623;7049.629;7511.548;7994.305;8497.518
GEO;OECD Env-Growth;SSP2;GDP|PPP;billion US$2005/yr;20.242;27.292;34.528;41.358;47.928;54.705;61.916;69.007;75.648;81.785;87.923;94.817;101.771;108.219;113.836;119.568;125.864;132.829;140.183
GHA;OECD Env-Growth;SSP2;GDP|PPP;billion US$2005/yr;36.062;55.799;78.909;108.797;146.224;192.465;250.972;324.134;414.345;525.286;660.201;821.237;1008.735;1221.928;1460.918;1725.397;2013.733;2322.322;2646.944
GIN;OECD Env-Growth;SSP2;GDP|PPP;billion US$2005/yr;9.766;13.521;25.584;41.833;63.253;89.870;123.679;165.552;216.266;276.169;345.111;423.995;512.607;610.316;717.338;833.893;959.853;1094.878;1238.177
GMB;OECD Env-Growth;SSP2;GDP|PPP;billion US$2005/yr;3.169;4.124;5.387;7.207;9.662;12.751;16.694;21.614;27.680;35.060;43.884;54.287;66.333;80.023;95.427;112.629;131.623;152.326;174.510
GNB;OECD Env-Growth;SSP2;GDP|PPP;billion US$2005/yr;1.612;2.016;2.518;3.341;4.581;6.320;8.718;11.943;16.160;21.543;28.246;36.418;46.161;57.510;70.509;85.149;101.480;119.441;138.869
GNQ;OECD Env-Growth;SSP2;GDP|PPP;billion US$2005/yr;21.538;25.351;27.974;33.416;39.150;45.328;52.177;59.679;67.726;76.231;85.282;94.671;104.242;113.674;122.936;131.936;140.711;149.140;157.147
GRC;OECD Env-Growth;SSP2;GDP|PPP;billion US$2005/yr;273.897;256.692;288.606;317.214;350.336;385.165;421.383;458.216;496.953;539.131;584.913;632.138;678.866;723.191;766.559;809.685;853.046;895.922;936.547
GTM;OECD Env-Growth;SSP2;GDP|PPP;billion US$2005/yr;61.823;71.472;85.517;107.494;135.968;170.350;212.341;263.332;324.489;396.543;479.650;575.129;683.539;805.112;940.754;1090.771;1254.336;1430.367;1617.796
GUY;OECD Env-Growth;SSP2;GDP|PPP;billion US$2005/yr;2.342;3.029;3.695;4.462;5.197;5.925;6.734;7.711;8.857;10.109;11.340;12.578;13.994;15.701;17.559;19.511;21.534;23.685;26.046
HKG;OECD Env-Growth;SSP2;GDP|PPP;billion US$2005/yr;294.826;352.012;421.252;480.012;536.305;594.648;651.481;703.784;750.410;793.405;835.299;874.294;909.632;938.126;959.086;973.378;980.523;981.520;977.787
HND;OECD Env-Growth;SSP2;GDP|PPP;billion US$2005/yr;26.744;31.506;38.096;47.465;59.623;74.338;92.514;114.549;140.747;171.423;206.745;247.322;293.400;345.116;402.767;466.165;534.942;608.928;687.651
HRV;OECD Env-Growth;SSP2;GDP|PPP;billion US$2005/yr;71.255;73.795;81.696;88.661;95.724;102.911;109.931;116.277;122.113;128.090;134.353;140.600;146.745;152.280;157.220;161.774;166.103;170.301;174.327
HTI;OECD Env-Growth;SSP2;GDP|PPP;billion US$2005/yr;9.918;13.013;16.970;22.832;30.813;41.119;54.568;71.577;92.460;117.693;147.379;181.856;221.216;265.262;314.001;366.930;423.642;483.791;547.016
HUN;OECD Env-Growth;SSP2;GDP|PPP;billion US$2005/yr;169.548;177.622;192.690;213.075;237.053;263.104;288.850;315.068;342.692;370.866;400.618;431.826;462.134;491.841;522.384;552.827;582.926;612.810;642.587
IDN;OECD Env-Growth;SSP2;GDP|PPP;billion US$2005/yr;929.865;1266.782;1751.519;2364.557;3044.987;3783.106;4599.043;5456.453;6334.963;7237.842;8153.688;9065.748;9952.261;10823.782;11685.501;12535.415;13370.424;14189.000;14987.226
IND;OECD Env-Growth;SSP2;GDP|PPP;billion US$2005/yr;3653.102;5016.975;6971.726;9403.748;12207.681;15398.356;19051.051;23112.684;27538.481;32332.831;37477.357;42904.262;48503.481;54182.609;59878.232;65534.147;71141.077;76662.285;81989.538
IRL;OECD Env-Growth;SSP2;GDP|PPP;billion US$2005/yr;160.981;178.935;201.365;223.974;249.740;276.967;304.651;331.954;360.369;391.631;426.265;463.110;500.638;536.790;573.422;611.111;650.709;692.230;734.569
IRN;OECD Env-Growth;SSP2;GDP|PPP;billion US$2005/yr;810.315;857.116;982.781;1159.763;1348.080;1563.885;1800.546;2031.061;2248.258;2463.854;2681.798;2918.777;3154.655;3374.414;3577.878;3775.281;3980.491;4197.096;4416.399
IRQ;OECD Env-Growth;SSP2;GDP|PPP;billion US$2005/yr;102.337;170.224;257.024;319.952;404.018;496.482;576.392;662.928;753.014;851.295;965.222;1102.095;1266.353;1463.113;1698.195;1973.611;2288.492;2640.259;3025.853
ISL;OECD Env-Growth;SSP2;GDP|PPP;billion US$2005/yr;10.424;12.016;13.986;16.109;18.509;21.182;24.204;27.484;30.890;34.466;38.240;42.335;46.698;51.147;55.637;60.156;64.777;69.550;74.447
ISR;OECD Env-Growth;SSP2;GDP|PPP;billion US$2005/yr;198.145;245.999;301.963;363.366;430.691;505.187;589.198;681.240;779.741;885.427;1000.902;1129.618;1271.368;1424.963;1590.668;1770.822;1967.961;2183.879;2417.563
ITA;OECD Env-Growth;SSP2;GDP|PPP;billion US$2005/yr;1641.252;1687.624;1791.989;1903.886;2025.243;2154.619;2293.394;2444.800;2609.633;2789.121;2983.473;3183.477;3378.172;3569.491;3770.090;3976.873;4185.477;4389.960;4587.079
JAM;OECD Env-Growth;SSP2;GDP|PPP;billion US$2005/yr;18.919;20.024;21.746;23.878;26.181;28.683;31.761;35.441;39.550;44.000;48.566;53.493;59.174;65.417;72.161;79.316;86.936;95.168;103.980
JOR;OECD Env-Growth;SSP2;GDP|PPP;billion US$2005/yr;31.744;39.235;51.771;70.856;96.548;128.994;168.812;215.956;269.745;330.371;398.382;472.405;550.720;632.855;719.017;806.530;894.252;981.189;1066.356
JPN;OECD Env-Growth;SSP2;GDP|PPP;billion US$2005/yr;3899.299;4122.859;4320.842;4551.239;4764.432;4923.419;5049.352;5186.444;5319.228;5467.873;5630.804;5790.023;5944.106;6087.708;6224.971;6363.881;6507.128;6652.294;6795.252
KAZ;OECD Env-Growth;SSP2;GDP|PPP;billion US$2005/yr;178.180;240.314;318.629;423.409;515.182;599.785;672.135;724.117;751.290;768.327;792.358;826.558;862.452;893.764;926.513;961.715;999.597;1038.137;1073.369
KEN;OECD Env-Growth;SSP2;GDP|PPP;billion US$2005/yr;60.007;77.364;102.303;135.979;180.060;235.291;306.367;396.726;509.871;650.484;823.176;1031.334;1276.304;1558.276;1879.853;2242.613;2646.280;3088.099;3563.460
KGZ;OECD Env-Growth;SSP2;GDP|PPP;billion US$2005/yr;10.941;14.204;17.911;23.083;29.732;38.041;47.810;58.807;70.619;83.250;97.027;112.137;128.076;143.997;160.237;177.087;194.752;213.042;231.451
KHM;OECD Env-Growth;SSP2;GDP|PPP;billion US$2005/yr;27.826;38.597;54.689;72.733;92.850;114.719;140.369;170.624;204.173;242.069;283.528;330.493;383.354;441.305;503.856;571.694;645.992;727.606;816.266
KOR;OECD Env-Growth;SSP2;GDP|PPP;billion US$2005/yr;1320.884;1595.570;1918.038;2242.804;2542.594;2810.059;3043.767;3249.006;3421.854;3577.028;3689.248;3777.876;3866.888;3937.099;4004.257;4063.033;4110.654;4147.939;4177.600
KWT;OECD Env-Growth;SSP2;GDP|PPP;billion US$2005/yr;124.857;161.679;197.214;238.683;287.511;338.901;394.595;443.948;489.160;529.938;568.690;603.675;634.079;661.516;689.640;717.870;746.253;773.152;796.819
LAO;OECD Env-Growth;SSP2;GDP|PPP;billion US$2005/yr;14.340;21.077;30.413;41.328;53.504;66.822;82.230;99.753;119.220;140.211;162.566;187.055;214.160;243.811;275.415;308.634;343.621;380.765;420.510
LBN;OECD Env-Growth;SSP2;GDP|PPP;billion US$2005/yr;53.347;62.159;75.755;91.550;108.216;125.740;144.063;162.473;180.446;198.305;215.481;231.721;247.490;262.373;276.355;289.061;300.527;311.158;321.449
LBR;OECD Env-Growth;SSP2;GDP|PPP;billion US$2005/yr;1.926;2.972;4.637;7.398;11.240;16.515;23.849;34.017;47.820;66.172;90.184;120.733;158.551;204.138;257.915;319.973;390.382;468.755;554.197
LBY;OECD Env-Growth;SSP2;GDP|PPP;billion US$2005/yr;99.765;128.652;160.863;196.201;233.390;271.410;309.459;344.585;377.669;412.900;452.187;495.730;541.341;587.502;633.568;680.746;730.265;781.420;832.580
LCA;OECD Env-Growth;SSP2;GDP|PPP;billion US$2005/yr;1.439;1.531;1.733;1.999;2.321;2.683;3.100;3.572;4.091;4.660;5.283;5.961;6.688;7.435;8.208;9.002;9.817;10.653;11.507
LKA;OECD Env-Growth;SSP2;GDP|PPP;billion US$2005/yr;95.022;133.047;180.569;235.366;294.842;357.098;423.233;491.701;563.922;641.692;725.822;814.335;901.864;987.389;1074.460;1163.461;1253.566;1343.037;1429.955
LSO;OECD Env-Growth;SSP2;GDP|PPP;billion US$2005/yr;3.119;3.981;4.914;6.173;7.826;9.888;12.612;16.119;20.499;25.866;32.336;40.044;49.098;59.498;71.239;84.283;98.582;114.078;130.566
LTU;OECD Env-Growth;SSP2;GDP|PPP;billion US$2005/yr;51.059;61.419;71.653;79.160;85.450;92.044;98.578;104.287;108.251;110.927;113.779;117.742;122.339;126.387;129.621;132.525;135.523;139.211;143.753
LUX;OECD Env-Growth;SSP2;GDP|PPP;billion US$2005/yr;34.848;38.609;44.008;49.240;54.186;59.015;63.849;68.499;73.065;77.734;82.438;86.877;91.136;95.683;100.229;104.627;108.849;112.845;116.530
LVA;OECD Env-Growth;SSP2;GDP|PPP;billion US$2005/yr;28.991;35.426;41.460;46.958;52.455;57.294;61.696;65.717;69.072;72.029;75.643;79.638;83.296;86.466;89.714;92.779;95.799;98.923;102.075
MAC;OECD Env-Growth;SSP2;GDP|PPP;billion US$2005/yr;31.329;36.316;40.138;43.417;46.799;50.140;53.211;55.972;58.350;60.411;62.435;64.156;65.373;65.975;66.185;66.074;65.723;65.171;64.385
MAR;OECD Env-Growth;SSP2;GDP|PPP;billion US$2005/yr;137.293;171.353;225.655;294.576;376.643;471.593;580.600;700.080;826.476;958.781;1095.930;1240.480;1389.998;1541.919;1695.305;1849.451;2004.571;2162.478;2322.569
MDA;OECD Env-Growth;SSP2;GDP|PPP;billion US$2005/yr;9.951;12.399;15.611;19.579;23.964;28.598;33.148;37.247;40.618;43.316;45.924;48.850;51.610;53.804;55.892;57.952;60.180;62.650;65.292
MDG;OECD Env-Growth;SSP2;GDP|PPP;billion US$2005/yr;17.999;20.394;26.182;35.564;49.120;67.633;93.376;128.812;176.683;239.783;321.015;423.129;549.154;701.018;880.704;1089.498;1328.221;1596.872;1895.135
MDV;OECD Env-Growth;SSP2;GDP|PPP;billion US$2005/yr;2.333;2.803;3.383;4.076;4.890;5.821;6.890;8.055;9.262;10.501;11.833;13.321;14.934;16.604;18.238;19.818;21.370;22.949;24.578
MEX;OECD Env-Growth;SSP2;GDP|PPP;billion US$2005/yr;1409.686;1674.739;1971.210;2303.645;2668.208;3059.464;3474.300;3923.810;4416.916;4948.701;5507.342;6107.378;6739.398;7408.330;8110.117;8840.493;9603.220;10400.490;11226.728
MKD;OECD Env-Growth;SSP2;GDP|PPP;billion US$2005/yr;18.931;21.878;26.710;32.419;38.807;45.920;53.413;60.865;68.133;75.513;83.096;90.516;97.443;103.591;108.826;113.267;117.027;120.240;122.977
MLI;OECD Env-Growth;SSP2;GDP|PPP;billion US$2005/yr;14.860;16.742;22.314;30.608;42.271;58.035;79.674;109.002;148.148;199.424;265.112;347.561;448.739;570.324;713.877;880.809;1072.013;1288.074;1528.867
MLT;OECD Env-Growth;SSP2;GDP|PPP;billion US$2005/yr;9.442;10.446;11.742;13.254;14.938;16.779;18.585;20.246;21.752;23.146;24.522;25.926;27.343;28.653;29.810;30.840;31.780;32.689;33.605
MMR;OECD Env-Growth;SSP2;GDP|PPP;billion US$2005/yr;69.159;91.977;123.458;156.108;187.778;216.349;245.113;274.625;304.433;334.804;366.171;398.915;434.009;471.223;511.214;554.240;600.348;649.789;703.174
MNE;OECD Env-Growth;SSP2;GDP|PPP;billion US$2005/yr;6.414;7.046;7.964;9.097;10.339;11.624;12.913;14.158;15.368;16.648;18.035;19.381;20.639;21.781;22.808;23.741;24.598;25.395;26.125
MNG;OECD Env-Growth;SSP2;GDP|PPP;billion US$2005/yr;9.977;17.764;28.214;39.958;53.374;68.422;84.925;102.031;118.996;135.697;153.090;171.278;189.465;206.020;221.432;236.144;250.728;265.261;278.961
MOZ;OECD Env-Growth;SSP2;GDP|PPP;billion US$2005/yr;19.244;27.736;39.953;55.859;75.961;101.022;134.025;177.980;235.934;311.159;407.125;527.298;675.099;854.217;1068.702;1321.481;1614.311;1948.252;2323.681
MRT;OECD Env-Growth;SSP2;GDP|PPP;billion US$2005/yr;7.624;10.030;13.105;16.987;21.909;28.099;35.852;45.595;57.619;72.110;89.206;108.837;130.828;155.058;181.521;210.030;240.287;271.813;304.214
MUS;OECD Env-Growth;SSP2;GDP|PPP;billion US$2005/yr;15.734;19.071;23.742;28.783;33.760;38.609;43.497;48.479;53.749;59.010;64.343;69.837;75.492;81.515;87.844;94.294;100.814;107.419;114.196
MWI;OECD Env-Growth;SSP2;GDP|PPP;billion US$2005/yr;11.854;15.257;20.976;29.445;41.371;57.617;80.413;112.336;156.572;217.041;298.262;405.631;544.911;721.484;940.869;1208.012;1526.908;1899.208;2325.362
MYS;OECD Env-Growth;SSP2;GDP|PPP;billion US$2005/yr;375.288;475.181;599.206;742.319;903.265;1080.849;1273.885;1474.860;1683.414;1906.081;2139.599;2376.830;2616.042;2858.692;3099.518;3335.679;3565.908;3788.465;4002.278
NAM;OECD Env-Growth;SSP2;GDP|PPP;billion US$2005/yr;13.403;16.272;20.147;25.135;31.085;37.651;44.952;52.985;61.692;70.963;80.703;90.859;101.358;112.082;123.010;133.952;144.785;155.551;166.236
NCL;OECD Env-Growth;SSP2;GDP|PPP;billion US$2005/yr;4.250;5.307;6.406;7.594;8.846;10.114;11.432;12.780;14.113;15.450;16.793;18.143;19.476;20.768;22.023;23.238;24.424;25.598;26.753
NER;OECD Env-Growth;SSP2;GDP|PPP;billion US$2005/yr;10.085;14.406;19.323;26.492;36.765;51.158;72.001;102.233;146.041;208.906;297.737;420.987;587.438;806.000;1085.780;1436.450;1867.507;2385.783;2994.718
NGA;OECD Env-Growth;SSP2;GDP|PPP;billion US$2005/yr;338.225;466.265;642.968;880.184;1192.728;1592.470;2117.563;2805.844;3701.918;4860.505;6331.149;8158.041;10377.841;13013.365;16069.792;19545.217;23435.658;27709.968;32322.577
NIC;OECD Env-Growth;SSP2;GDP|PPP;billion US$2005/yr;14.467;17.344;21.080;26.924;34.686;44.298;56.034;69.856;85.863;104.133;124.391;147.145;172.438;200.047;230.004;262.368;297.190;334.411;373.899
NLD;OECD Env-Growth;SSP2;GDP|PPP;billion US$2005/yr;614.809;658.651;719.395;778.274;839.554;904.619;978.392;1060.652;1146.381;1233.867;1325.268;1419.907;1516.651;1618.076;1723.630;1831.654;1940.630;2049.938;2158.221
NOR;OECD Env-Growth;SSP2;GDP|PPP;billion US$2005/yr;228.255;257.379;288.961;312.551;337.963;363.873;389.559;416.731;449.452;488.012;530.901;578.262;629.908;683.969;740.620;798.482;857.001;916.111;975.711
NPL;OECD Env-Growth;SSP2;GDP|PPP;billion US$2005/yr;32.337;39.533;50.058;65.310;85.289;110.208;142.720;184.590;237.576;303.124;382.880;478.399;591.586;724.177;874.609;1041.954;1225.874;1426.555;1642.164
NZL;OECD Env-Growth;SSP2;GDP|PPP;billion US$2005/yr;110.886;125.333;140.481;155.408;170.481;187.550;207.978;232.345;259.567;288.806;321.085;357.064;396.252;437.217;479.928;523.897;569.148;616.212;664.606
OMN;OECD Env-Growth;SSP2;GDP|PPP;billion US$2005/yr;68.334;84.751;102.907;122.924;145.060;169.084;194.025;217.631;240.522;268.961;301.213;336.055;371.412;406.398;441.099;475.330;509.265;542.728;575.473
PAK;OECD Env-Growth;SSP2;GDP|PPP;billion US$2005/yr;418.508;492.160;603.664;761.816;967.874;1230.311;1565.226;1979.785;2479.514;3073.545;3773.762;4593.540;5542.455;6606.072;7770.174;9026.421;10374.157;11814.634;13333.729
PAN;OECD Env-Growth;SSP2;GDP|PPP;billion US$2005/yr;44.448;64.910;85.949;109.171;133.197;157.894;183.680;210.613;238.213;266.165;294.310;322.008;348.953;375.062;400.585;425.150;448.453;470.293;490.805
PER;OECD Env-Growth;SSP2;GDP|PPP;billion US$2005/yr;248.847;331.247;432.163;541.933;653.711;766.083;883.488;1004.647;1129.376;1256.215;1381.986;1509.040;1637.558;1766.282;1895.679;2026.384;2158.497;2291.902;2426.802
PHL;OECD Env-Growth;SSP2;GDP|PPP;billion US$2005/yr;332.055;416.722;528.140;661.231;818.910;1000.371;1222.574;1489.050;1802.913;2166.583;2581.162;3044.866;3555.200;4113.891;4716.785;5357.659;6029.677;6729.752;7450.785
PNG;OECD Env-Growth;SSP2;GDP|PPP;billion US$2005/yr;15.207;23.756;29.847;38.476;50.036;64.317;82.274;104.701;132.213;165.227;203.788;247.693;297.060;351.671;411.739;476.574;545.164;616.592;690.579
POL;OECD Env-Growth;SSP2;GDP|PPP;billion US$2005/yr;660.478;767.340;897.648;1017.735;1129.031;1236.731;1335.099;1417.386;1486.294;1551.647;1620.694;1696.784;1773.739;1842.460;1903.864;1961.983;2021.200;2086.878;2160.710
PRI;OECD Env-Growth;SSP2;GDP|PPP;billion US$2005/yr;64.752;72.005;78.873;85.797;92.248;98.385;103.979;108.709;112.692;115.829;117.874;119.587;121.182;122.660;124.277;126.084;128.162;130.640;133.417
PRT;OECD Env-Growth;SSP2;GDP|PPP;billion US$2005/yr;230.606;229.811;252.432;275.982;301.271;327.690;355.143;384.765;417.937;455.499;496.823;539.960;583.496;627.890;673.280;719.664;766.803;813.894;859.501
PRY;OECD Env-Growth;SSP2;GDP|PPP;billion US$2005/yr;30.001;37.146;46.722;60.084;77.042;97.428;121.946;150.506;183.047;219.732;260.446;305.056;353.293;404.646;458.697;514.787;572.731;632.364;693.196
PSE;OECD Env-Growth;SSP2;GDP|PPP;billion US$2005/yr;11.097;14.788;20.223;27.845;37.652;49.548;63.636;79.642;97.455;117.007;138.068;161.296;186.496;213.678;243.036;274.906;309.560;347.265;388.207
PYF;OECD Env-Growth;SSP2;GDP|PPP;billion US$2005/yr;4.493;4.945;5.313;5.689;6.089;6.586;7.217;7.954;8.760;9.621;10.572;11.613;12.769;13.997;15.267;16.592;17.991;19.483;21.070
QAT;OECD Env-Growth;SSP2;GDP|PPP;billion US$2005/yr;122.760;206.046;266.067;316.472;355.354;382.915;405.205;426.505;448.093;473.762;504.070;533.960;560.319;581.326;596.673;606.371;611.231;611.297;606.721
ROU;OECD Env-Growth;SSP2;GDP|PPP;billion US$2005/yr;234.124;255.562;299.725;346.698;392.816;433.452;470.979;504.344;535.898;564.211;595.965;626.274;654.799;680.529;705.498;730.644;756.735;783.647;810.600
RUS;OECD Env-Growth;SSP2;GDP|PPP;billion US$2005/yr;2015.118;2449.874;2931.945;3447.356;3986.781;4502.304;4968.223;5347.503;5655.618;5974.901;6391.654;6832.147;7263.317;7648.202;7993.814;8326.554;8663.873;9003.110;9315.885
RWA;OECD Env-Growth;SSP2;GDP|PPP;billion US$2005/yr;11.057;15.780;22.017;30.896;42.639;57.661;77.102;101.893;133.066;172.205;221.215;281.119;352.748;436.124;532.159;641.890;766.458;905.738;1058.263
SAU;OECD Env-Growth;SSP2;GDP|PPP;billion US$2005/yr;563.632;731.943;901.722;1095.863;1321.315;1529.975;1746.902;1957.948;2157.092;2357.088;2567.493;2788.237;3013.633;3245.853;3492.951;3748.544;4010.404;4271.525;4526.371
SDN;OECD Env-Growth;SSP2;GDP|PPP;billion US$2005/yr;88.125;98.954;143.680;190.677;251.296;328.398;429.305;559.388;723.949;930.143;1186.836;1502.176;1882.007;2330.289;2846.779;3432.818;4088.666;4812.241;5592.931
SEN;OECD Env-Growth;SSP2;GDP|PPP;billion US$2005/yr;21.610;26.368;34.502;45.789;60.497;79.196;103.721;135.506;176.219;227.712;291.739;370.085;464.086;574.713;703.426;851.405;1019.207;1206.690;1412.852
SGP;OECD Env-Growth;SSP2;GDP|PPP;billion US$2005/yr;264.851;322.159;383.624;437.801;482.868;518.602;549.103;574.046;593.143;610.322;625.022;634.877;642.065;645.719;646.645;643.797;637.482;627.918;615.978
SLB;OECD Env-Growth;SSP2;GDP|PPP;billion US$2005/yr;1.308;1.708;2.162;2.846;3.708;4.753;6.035;7.600;9.504;11.783;14.459;17.541;21.019;24.903;29.247;34.048;39.258;44.812;50.644
SLE;OECD Env-Growth;SSP2;GDP|PPP;billion US$2005/yr;4.352;7.215;9.313;12.477;16.928;22.855;30.844;41.441;55.275;73.085;95.652;123.423;156.742;195.874;241.353;293.193;351.408;415.848;486.050
SLV;OECD Env-Growth;SSP2;GDP|PPP;billion US$2005/yr;37.019;40.141;45.643;51.785;58.669;66.269;75.070;84.889;95.472;106.592;118.025;130.517;144.455;159.482;175.472;192.445;210.529;229.913;250.601
SOM;OECD Env-Growth;SSP2;GDP|PPP;billion US$2005/yr;0.315;0.361;0.487;0.697;1.006;1.431;2.056;2.970;4.296;6.171;8.740;12.199;16.751;22.630;30.080;39.310;50.446;63.597;78.844
SRB;OECD Env-Growth;SSP2;GDP|PPP;billion US$2005/yr;69.977;75.597;85.208;97.278;109.763;121.685;133.625;145.604;158.024;171.630;186.523;201.467;215.505;228.818;241.776;253.989;265.396;275.949;285.754
STP;OECD Env-Growth;SSP2;GDP|PPP;billion US$2005/yr;0.290;0.478;0.994;1.439;1.960;2.529;3.153;3.818;4.522;5.261;6.014;6.799;7.620;8.488;9.422;10.437;11.532;12.703;13.959
SUR;OECD Env-Growth;SSP2;GDP|PPP;billion US$2005/yr;3.730;4.637;5.910;7.417;9.079;10.872;12.845;15.011;17.311;19.762;22.345;24.988;27.726;30.603;33.563;36.566;39.569;42.552;45.548
SVK;OECD Env-Growth;SSP2;GDP|PPP;billion US$2005/yr;109.477;128.352;150.276;171.455;193.537;216.377;238.835;259.798;279.480;298.468;318.213;338.907;359.302;378.259;395.525;411.855;427.756;444.044;461.037
SVN;OECD Env-Growth;SSP2;GDP|PPP;billion US$2005/yr;51.321;55.258;61.451;67.575;74.277;81.706;89.664;97.688;105.793;114.186;123.307;132.863;142.561;152.015;161.164;170.234;179.386;188.693;197.986
SWE;OECD Env-Growth;SSP2;GDP|PPP;billion US$2005/yr;316.691;364.127;411.693;458.675;506.216;556.319;612.435;674.145;738.141;801.683;870.048;949.165;1032.842;1118.222;1204.813;1291.064;1378.471;1469.913;1564.956
SWZ;OECD Env-Growth;SSP2;GDP|PPP;billion US$2005/yr;5.638;5.488;5.896;6.864;8.180;9.858;11.991;14.609;17.711;21.301;25.414;30.111;35.382;41.180;47.457;54.171;61.273;68.737;76.488
SYR;OECD Env-Growth;SSP2;GDP|PPP;billion US$2005/yr;96.934;109.666;163.696;218.194;285.665;365.048;458.302;566.821;690.889;828.865;978.068;1137.655;1306.667;1489.158;1685.855;1889.717;2098.222;2310.926;2529.037
TCD;OECD Env-Growth;SSP2;GDP|PPP;billion US$2005/yr;15.011;18.284;21.949;28.606;38.514;52.216;71.418;97.472;132.359;177.992;236.385;309.778;400.613;510.770;641.148;792.675;965.735;1160.980;1378.630
TGO;OECD Env-Growth;SSP2;GDP|PPP;billion US$2005/yr;5.414;6.902;9.097;11.996;15.622;20.089;26.029;33.930;44.356;57.974;75.506;97.745;125.559;159.719;200.910;249.688;306.370;371.156;443.929
THA;OECD Env-Growth;SSP2;GDP|PPP;billion US$2005/yr;530.367;651.168;834.091;1054.515;1298.901;1555.623;1825.866;2105.238;2389.520;2678.176;2967.922;3250.613;3523.129;3786.065;4035.909;4264.461;4473.975;4663.628;4836.199
TJK;OECD Env-Growth;SSP2;GDP|PPP;billion US$2005/yr;13.333;17.834;22.927;30.154;39.412;50.306;63.370;78.197;94.085;110.618;127.775;146.242;166.000;186.942;209.158;232.732;257.939;285.034;313.953
TKM;OECD Env-Growth;SSP2;GDP|PPP;billion US$2005/yr;37.420;55.161;84.228;119.116;157.973;198.279;233.132;264.057;289.609;310.490;327.736;342.096;352.465;359.549;363.736;366.012;367.377;368.414;369.179
TLS;OECD Env-Growth;SSP2;GDP|PPP;billion US$2005/yr;1.481;2.294;3.410;4.862;6.700;8.974;11.941;15.750;20.428;26.022;32.460;40.044;49.038;59.549;71.664;85.422;100.942;118.480;138.284
TON;OECD Env-Growth;SSP2;GDP|PPP;billion US$2005/yr;0.423;0.457;0.504;0.580;0.675;0.775;0.884;1.010;1.158;1.329;1.509;1.708;1.923;2.158;2.426;2.735;3.082;3.463;3.881
TTO;OECD Env-Growth;SSP2;GDP|PPP;billion US$2005/yr;31.079;33.343;38.364;43.065;47.267;51.128;54.489;56.976;58.556;60.003;61.649;63.233;64.405;65.133;65.704;66.292;67.052;67.925;68.780
TUN;OECD Env-Growth;SSP2;GDP|PPP;billion US$2005/yr;89.757;102.225;134.909;175.156;221.628;272.404;325.998;379.467;428.537;474.317;518.609;562.683;603.495;639.569;672.434;702.364;730.760;759.238;788.000
TUR;OECD Env-Growth;SSP2;GDP|PPP;billion US$2005/yr;912.432;1145.459;1413.624;1691.512;1976.546;2269.875;2584.294;2910.038;3243.898;3590.591;3946.117;4310.436;4680.059;5047.040;5409.694;5770.116;6130.756;6489.277;6839.965
TWN;OECD Env-Growth;SSP2;GDP|PPP;billion US$2005/yr;742.813;889.439;1073.213;1204.694;1312.704;1414.657;1507.597;1579.327;1624.946;1649.451;1672.661;1751.762;1830.265;1901.080;1961.667;2006.070;2037.248;2056.303;2065.384
TZA;OECD Env-Growth;SSP2;GDP|PPP;billion US$2005/yr;56.273;76.648;106.837;152.234;213.831;293.669;397.540;531.500;702.113;916.467;1180.808;1502.396;1886.390;2334.964;2853.893;3446.968;4116.634;4863.705;5687.947
UGA;OECD Env-Growth;SSP2;GDP|PPP;billion US$2005/yr;38.411;51.477;73.156;104.798;148.771;208.062;290.163;402.799;555.220;758.037;1022.489;1361.101;1786.285;2308.679;2938.436;3684.015;4551.075;5541.955;6655.909
UKR;OECD Env-Growth;SSP2;GDP|PPP;billion US$2005/yr;276.283;331.348;393.901;471.191;558.995;653.581;752.798;852.975;954.254;1064.723;1190.060;1324.972;1461.338;1591.606;1717.762;1841.671;1964.521;2085.303;2199.921
URY;OECD Env-Growth;SSP2;GDP|PPP;billion US$2005/yr;42.434;51.822;61.810;72.068;82.341;92.413;102.454;112.509;122.826;133.008;142.817;152.569;162.277;171.890;181.561;191.236;200.828;210.407;220.100
USA;OECD Env-Growth;SSP2;GDP|PPP;billion US$2005/yr;13087.120;14754.810;17032.556;19086.819;20965.924;22688.693;24320.367;25861.447;27281.870;28710.527;30211.842;31782.732;33291.091;34724.116;36165.400;37537.165;38852.321;40123.606;41343.754
UZB;OECD Env-Growth;SSP2;GDP|PPP;billion US$2005/yr;78.648;109.214;147.244;196.931;253.121;315.471;383.686;454.897;526.120;597.885;671.687;750.583;832.314;912.630;990.777;1067.393;1144.185;1222.470;1301.283
VCT;OECD Env-Growth;SSP2;GDP|PPP;billion US$2005/yr;1.037;1.134;1.313;1.464;1.606;1.752;1.922;2.113;2.324;2.555;2.805;3.072;3.358;3.659;3.973;4.298;4.631;4.977;5.339
VEN;OECD Env-Growth;SSP2;GDP|PPP;billion US$2005/yr;316.397;382.149;442.727;521.198;607.469;703.033;805.839;918.675;1041.295;1173.554;1314.432;1458.732;1604.144;1751.140;1902.146;2056.486;2211.757;2365.820;2518.565
VNM;OECD Env-Growth;SSP2;GDP|PPP;billion US$2005/yr;249.923;334.359;471.171;621.722;787.227;963.961;1162.048;1378.557;1602.436;1831.777;2070.282;2330.176;2593.467;2847.718;3092.643;3330.812;3568.955;3809.186;4047.154
VUT;OECD Env-Growth;SSP2;GDP|PPP;billion US$2005/yr;0.957;1.145;1.393;1.764;2.255;2.868;3.649;4.627;5.830;7.288;9.020;11.034;13.338;15.926;18.815;21.993;25.421;29.052;32.852
WSM;OECD Env-Growth;SSP2;GDP|PPP;billion US$2005/yr;0.722;0.787;0.888;1.021;1.162;1.303;1.461;1.653;1.883;2.136;2.389;2.654;2.945;3.278;3.664;4.103;4.586;5.114;5.699
YEM;OECD Env-Growth;SSP2;GDP|PPP;billion US$2005/yr;57.076;56.677;71.669;94.422;126.514;169.189;223.994;291.226;371.680;467.186;579.321;709.168;855.255;1015.166;1186.470;1368.106;1559.715;1760.164;1965.166
ZAF;OECD Env-Growth;SSP2;GDP|PPP;billion US$2005/yr;474.761;571.322;709.196;862.831;1024.291;1192.622;1369.723;1551.586;1736.314;1928.612;2132.356;2340.751;2549.391;2757.754;2962.238;3161.039;3353.756;3538.267;3711.378
ZMB;OECD Env-Growth;SSP2;GDP|PPP;billion US$2005/yr;18.112;25.223;35.450;49.940;69.835;95.813;130.562;176.522;236.271;312.769;408.877;527.404;671.300;842.312;1041.503;1269.423;1525.158;1807.319;2113.875
ZWE;OECD Env-Growth;SSP2;GDP|PPP;billion US$2005/yr;5.221;6.361;7.318;9.151;12.007;16.183;22.199;30.475;41.405;55.391;72.766;94.188;120.041;150.473;185.747;226.160;271.936;323.239;379.719
