"Region";"CountryName";"ISO1";"1990";"2000";"2001";"2002";"2003";"2004";"2005";"2006";"2007";"2008";"2009";"2010";"2011";"2012";"2013";"2014";"2015"
"AFG";"Afghanistan";4;11844.68855;11844.68855;11844.68855;11844.68855;11844.68855;11844.68855;11844.68855;11844.68855;11844.68855;11844.68855;11844.68855;11844.68855;11844.68855;11844.68855;11844.68855;11844.68855;11844.68855
"ALB";"Albania";8;6916.564742;6916.564742;6916.564742;6916.564742;6916.564742;6916.564742;6916.564742;6916.564742;6916.564742;6916.564742;6916.564742;6916.564742;6916.564742;6916.564742;6916.564742;6916.564742;6916.564742
"DZA";"Algeria";12;7725.388347;7725.388347;7725.388347;7725.388347;7725.388347;7725.388347;7725.388347;7725.388347;7725.388347;7725.388347;7725.388347;7725.388347;7725.388347;7725.388347;7725.388347;7725.388347;7725.388347
"ASM";"American Samoa";16;1373.702588;1373.702588;1373.702588;1373.702588;1373.702588;1373.702588;1373.702588;1373.702588;1373.702588;1373.702588;1373.702588;1373.702588;1373.702588;1373.702588;1373.702588;1373.702588;1373.702588
"AND";"Andorra";20;1360.707308;1360.707308;1360.707308;1360.707308;1360.707308;1360.707308;1360.707308;1360.707308;1360.707308;1360.707308;1360.707308;1360.707308;1360.707308;1360.707308;1360.707308;1360.707308;1360.707308
"AGO";"Angola";24;10516.43463;10516.43463;10516.43463;10516.43463;10516.43463;10516.43463;10516.43463;10516.43463;10516.43463;10516.43463;10516.43463;10516.43463;10516.43463;10516.43463;10516.43463;10516.43463;10516.43463
"ATG";"Antigua and Barbuda";28;9192.080937;9192.080937;9192.080937;9192.080937;9192.080937;9192.080937;9192.080937;9192.080937;9192.080937;9192.080937;9192.080937;9192.080937;9192.080937;9192.080937;9192.080937;9192.080937;9192.080937
"AZE";"Azerbaijan";31;4555.641251;4555.641251;4555.641251;4555.641251;4555.641251;4555.641251;4555.641251;4555.641251;4555.641251;4555.641251;4555.641251;4555.641251;4555.641251;4555.641251;4555.641251;4555.641251;4555.641251
"ARG";"Argentina";32;4780.605056;4780.605056;4780.605056;4780.605056;4780.605056;4780.605056;4780.605056;4780.605056;4780.605056;4780.605056;4780.605056;4780.605056;4780.605056;4780.605056;4780.605056;4780.605056;4780.605056
"AUS";"Australia";36;2087.512221;2087.512221;2087.512221;2087.512221;2087.512221;2087.512221;2087.512221;2087.512221;2087.512221;2087.512221;2087.512221;2087.512221;2087.512221;2087.512221;2087.512221;2087.512221;2087.512221
"AUT";"Austria";40;4781.541267;4781.541267;4781.541267;4781.541267;4781.541267;4781.541267;4781.541267;4781.541267;4781.541267;4781.541267;4781.541267;4781.541267;4781.541267;4781.541267;4781.541267;4781.541267;4781.541267
"BHS";"Bahamas";44;2437.034848;2437.034848;2437.034848;2437.034848;2437.034848;2437.034848;2437.034848;2437.034848;2437.034848;2437.034848;2437.034848;2437.034848;2437.034848;2437.034848;2437.034848;2437.034848;2437.034848
"BHR";"Bahrain";48;12064.74673;12064.74673;12064.74673;12064.74673;12064.74673;12064.74673;12064.74673;12064.74673;12064.74673;12064.74673;12064.74673;12064.74673;12064.74673;12064.74673;12064.74673;12064.74673;12064.74673
"BGD";"Bangladesh";50;26318.34268;26318.34268;26318.34268;26318.34268;26318.34268;26318.34268;26318.34268;26318.34268;26318.34268;26318.34268;26318.34268;26318.34268;26318.34268;26318.34268;26318.34268;26318.34268;26318.34268
"ARM";"Armenia";51;9660.520618;9660.520618;9660.520618;9660.520618;9660.520618;9660.520618;9660.520618;9660.520618;9660.520618;9660.520618;9660.520618;9660.520618;9660.520618;9660.520618;9660.520618;9660.520618;9660.520618
"BRB";"Barbados";52;2135.373192;2135.373192;2135.373192;2135.373192;2135.373192;2135.373192;2135.373192;2135.373192;2135.373192;2135.373192;2135.373192;2135.373192;2135.373192;2135.373192;2135.373192;2135.373192;2135.373192
"BEL";"Belgium";56;3684.761451;3684.761451;3684.761451;3684.761451;3684.761451;3684.761451;3684.761451;3684.761451;3684.761451;3684.761451;3684.761451;3684.761451;3684.761451;3684.761451;3684.761451;3684.761451;3684.761451
"BMU";"Bermuda";60;2059.720345;2059.720345;2059.720345;2059.720345;2059.720345;2059.720345;2059.720345;2059.720345;2059.720345;2059.720345;2059.720345;2059.720345;2059.720345;2059.720345;2059.720345;2059.720345;2059.720345
"BTN";"Bhutan";64;7052.699374;7052.699374;7052.699374;7052.699374;7052.699374;7052.699374;7052.699374;7052.699374;7052.699374;7052.699374;7052.699374;7052.699374;7052.699374;7052.699374;7052.699374;7052.699374;7052.699374
"BOL";"Bolivia";68;7700.328051;7700.328051;7700.328051;7700.328051;7700.328051;7700.328051;7700.328051;7700.328051;7700.328051;7700.328051;7700.328051;7700.328051;7700.328051;7700.328051;7700.328051;7700.328051;7700.328051
"BIH";"Bosnia and Herzegovina";70;5501.747685;5501.747685;5501.747685;5501.747685;5501.747685;5501.747685;5501.747685;5501.747685;5501.747685;5501.747685;5501.747685;5501.747685;5501.747685;5501.747685;5501.747685;5501.747685;5501.747685
"BWA";"Botswana";72;1265.849065;1265.849065;1265.849065;1265.849065;1265.849065;1265.849065;1265.849065;1265.849065;1265.849065;1265.849065;1265.849065;1265.849065;1265.849065;1265.849065;1265.849065;1265.849065;1265.849065
"BRA";"Brazil";76;6531.17611;6531.17611;6531.17611;6531.17611;6531.17611;6531.17611;6531.17611;6531.17611;6531.17611;6531.17611;6531.17611;6531.17611;6531.17611;6531.17611;6531.17611;6531.17611;6531.17611
"BLZ";"Belize";84;9204.746596;9204.746596;9204.746596;9204.746596;9204.746596;9204.746596;9204.746596;9204.746596;9204.746596;9204.746596;9204.746596;9204.746596;9204.746596;9204.746596;9204.746596;9204.746596;9204.746596
"IOT";"British Indian Ocean Territory";86;282.0960696;282.0960696;282.0960696;282.0960696;282.0960696;282.0960696;282.0960696;282.0960696;282.0960696;282.0960696;282.0960696;282.0960696;282.0960696;282.0960696;282.0960696;282.0960696;282.0960696
"SLB";"Solomon Islands";90;3549.146277;3549.146277;3549.146277;3549.146277;3549.146277;3549.146277;3549.146277;3549.146277;3549.146277;3549.146277;3549.146277;3549.146277;3549.146277;3549.146277;3549.146277;3549.146277;3549.146277
"VGB";"British Virgin Islands";92;284.6287879;284.6287879;284.6287879;284.6287879;284.6287879;284.6287879;284.6287879;284.6287879;284.6287879;284.6287879;284.6287879;284.6287879;284.6287879;284.6287879;284.6287879;284.6287879;284.6287879
"BRN";"Brunei Darussalam";96;1679.063868;1679.063868;1679.063868;1679.063868;1679.063868;1679.063868;1679.063868;1679.063868;1679.063868;1679.063868;1679.063868;1679.063868;1679.063868;1679.063868;1679.063868;1679.063868;1679.063868
"BGR";"Bulgaria";100;6851.920562;6851.920562;6851.920562;6851.920562;6851.920562;6851.920562;6851.920562;6851.920562;6851.920562;6851.920562;6851.920562;6851.920562;6851.920562;6851.920562;6851.920562;6851.920562;6851.920562
"MMR";"Myanmar";104;9924.080771;9924.080771;9924.080771;9924.080771;9924.080771;9924.080771;9924.080771;9924.080771;9924.080771;9924.080771;9924.080771;9924.080771;9924.080771;9924.080771;9924.080771;9924.080771;9924.080771
"BDI";"Burundi";108;4659.047805;4659.047805;4659.047805;4659.047805;4659.047805;4659.047805;4659.047805;4659.047805;4659.047805;4659.047805;4659.047805;4659.047805;4659.047805;4659.047805;4659.047805;4659.047805;4659.047805
"BLR";"Belarus";112;6006.395271;6006.395271;6006.395271;6006.395271;6006.395271;6006.395271;6006.395271;6006.395271;6006.395271;6006.395271;6006.395271;6006.395271;6006.395271;6006.395271;6006.395271;6006.395271;6006.395271
"KHM";"Cambodia";116;2495.421641;2495.421641;2495.421641;2495.421641;2495.421641;2495.421641;2495.421641;2495.421641;2495.421641;2495.421641;2495.421641;2495.421641;2495.421641;2495.421641;2495.421641;2495.421641;2495.421641
"CMR";"Cameroon";120;11367.84257;11367.84257;11367.84257;11367.84257;11367.84257;11367.84257;11367.84257;11367.84257;11367.84257;11367.84257;11367.84257;11367.84257;11367.84257;11367.84257;11367.84257;11367.84257;11367.84257
"CAN";"Canada";124;7205.104849;7205.104849;7205.104849;7205.104849;7205.104849;7205.104849;7205.104849;7205.104849;7205.104849;7205.104849;7205.104849;7205.104849;7205.104849;7205.104849;7205.104849;7205.104849;7205.104849
"CPV";"Cape Verde";132;3954.322163;3954.322163;3954.322163;3954.322163;3954.322163;3954.322163;3954.322163;3954.322163;3954.322163;3954.322163;3954.322163;3954.322163;3954.322163;3954.322163;3954.322163;3954.322163;3954.322163
"CYM";"Cayman Islands";136;3899.016551;3899.016551;3899.016551;3899.016551;3899.016551;3899.016551;3899.016551;3899.016551;3899.016551;3899.016551;3899.016551;3899.016551;3899.016551;3899.016551;3899.016551;3899.016551;3899.016551
"CAF";"Central African Republic";140;5490.14559;5490.14559;5490.14559;5490.14559;5490.14559;5490.14559;5490.14559;5490.14559;5490.14559;5490.14559;5490.14559;5490.14559;5490.14559;5490.14559;5490.14559;5490.14559;5490.14559
"LKA";"Sri Lanka";144;6950.620737;6950.620737;6950.620737;6950.620737;6950.620737;6950.620737;6950.620737;6950.620737;6950.620737;6950.620737;6950.620737;6950.620737;6950.620737;6950.620737;6950.620737;6950.620737;6950.620737
"TCD";"Chad";148;7080.427896;7080.427896;7080.427896;7080.427896;7080.427896;7080.427896;7080.427896;7080.427896;7080.427896;7080.427896;7080.427896;7080.427896;7080.427896;7080.427896;7080.427896;7080.427896;7080.427896
"CHL";"Chile";152;9975.422995;9975.422995;9975.422995;9975.422995;9975.422995;9975.422995;9975.422995;9975.422995;9975.422995;9975.422995;9975.422995;9975.422995;9975.422995;9975.422995;9975.422995;9975.422995;9975.422995
"CHN";"China";156;9671.314394;9671.314394;9671.314394;9671.314394;9671.314394;9671.314394;9671.314394;9671.314394;9671.314394;9671.314394;9671.314394;9671.314394;9671.314394;9671.314394;9671.314394;9671.314394;9671.314394
"TWN";"Taiwan Province of China";158;9318.386867;9318.386867;9318.386867;9318.386867;9318.386867;9318.386867;9318.386867;9318.386867;9318.386867;9318.386867;9318.386867;9318.386867;9318.386867;9318.386867;9318.386867;9318.386867;9318.386867
"CXR";"Christmas Island";162;280.2372583;280.2372583;280.2372583;280.2372583;280.2372583;280.2372583;280.2372583;280.2372583;280.2372583;280.2372583;280.2372583;280.2372583;280.2372583;280.2372583;280.2372583;280.2372583;280.2372583
"CCK";"Cocos (Keeling) Islands";166;280.2372583;280.2372583;280.2372583;280.2372583;280.2372583;280.2372583;280.2372583;280.2372583;280.2372583;280.2372583;280.2372583;280.2372583;280.2372583;280.2372583;280.2372583;280.2372583;280.2372583
"COL";"Colombia";170;16596.75022;16596.75022;16596.75022;16596.75022;16596.75022;16596.75022;16596.75022;16596.75022;16596.75022;16596.75022;16596.75022;16596.75022;16596.75022;16596.75022;16596.75022;16596.75022;16596.75022
"COM";"Comoros";174;4707.961476;4707.961476;4707.961476;4707.961476;4707.961476;4707.961476;4707.961476;4707.961476;4707.961476;4707.961476;4707.961476;4707.961476;4707.961476;4707.961476;4707.961476;4707.961476;4707.961476
"MYT";"Mayotte";175;5183.423077;5183.423077;5183.423077;5183.423077;5183.423077;5183.423077;5183.423077;5183.423077;5183.423077;5183.423077;5183.423077;5183.423077;5183.423077;5183.423077;5183.423077;5183.423077;5183.423077
"COG";"Congo";178;7188.438602;7188.438602;7188.438602;7188.438602;7188.438602;7188.438602;7188.438602;7188.438602;7188.438602;7188.438602;7188.438602;7188.438602;7188.438602;7188.438602;7188.438602;7188.438602;7188.438602
"COD";"Democratic Republic of the Congo";180;8290.190932;8290.190932;8290.190932;8290.190932;8290.190932;8290.190932;8290.190932;8290.190932;8290.190932;8290.190932;8290.190932;8290.190932;8290.190932;8290.190932;8290.190932;8290.190932;8290.190932
"COK";"Cook Islands";184;5749.083109;5749.083109;5749.083109;5749.083109;5749.083109;5749.083109;5749.083109;5749.083109;5749.083109;5749.083109;5749.083109;5749.083109;5749.083109;5749.083109;5749.083109;5749.083109;5749.083109
"CRI";"Costa Rica";188;3720.873979;3720.873979;3720.873979;3720.873979;3720.873979;3720.873979;3720.873979;3720.873979;3720.873979;3720.873979;3720.873979;3720.873979;3720.873979;3720.873979;3720.873979;3720.873979;3720.873979
"HRV";"Croatia";191;5912.428017;5912.428017;5912.428017;5912.428017;5912.428017;5912.428017;5912.428017;5912.428017;5912.428017;5912.428017;5912.428017;5912.428017;5912.428017;5912.428017;5912.428017;5912.428017;5912.428017
"CUB";"Cuba";192;11425.12225;11425.12225;11425.12225;11425.12225;11425.12225;11425.12225;11425.12225;11425.12225;11425.12225;11425.12225;11425.12225;11425.12225;11425.12225;11425.12225;11425.12225;11425.12225;11425.12225
"CYP";"Cyprus";196;3731.908192;3731.908192;3731.908192;3731.908192;3731.908192;3731.908192;3731.908192;3731.908192;3731.908192;3731.908192;3731.908192;3731.908192;3731.908192;3731.908192;3731.908192;3731.908192;3731.908192
"CZE";"Czech Republic";203;7888.298498;7888.298498;7888.298498;7888.298498;7888.298498;7888.298498;7888.298498;7888.298498;7888.298498;7888.298498;7888.298498;7888.298498;7888.298498;7888.298498;7888.298498;7888.298498;7888.298498
"BEN";"Benin";204;5344.099657;5344.099657;5344.099657;5344.099657;5344.099657;5344.099657;5344.099657;5344.099657;5344.099657;5344.099657;5344.099657;5344.099657;5344.099657;5344.099657;5344.099657;5344.099657;5344.099657
"DNK";"Denmark";208;2850.403453;2850.403453;2850.403453;2850.403453;2850.403453;2850.403453;2850.403453;2850.403453;2850.403453;2850.403453;2850.403453;2850.403453;2850.403453;2850.403453;2850.403453;2850.403453;2850.403453
"DMA";"Dominica";212;13016.9148;13016.9148;13016.9148;13016.9148;13016.9148;13016.9148;13016.9148;13016.9148;13016.9148;13016.9148;13016.9148;13016.9148;13016.9148;13016.9148;13016.9148;13016.9148;13016.9148
"DOM";"Dominican Republic";214;9579.983528;9579.983528;9579.983528;9579.983528;9579.983528;9579.983528;9579.983528;9579.983528;9579.983528;9579.983528;9579.983528;9579.983528;9579.983528;9579.983528;9579.983528;9579.983528;9579.983528
"ECU";"Ecuador";218;6040.385415;6040.385415;6040.385415;6040.385415;6040.385415;6040.385415;6040.385415;6040.385415;6040.385415;6040.385415;6040.385415;6040.385415;6040.385415;6040.385415;6040.385415;6040.385415;6040.385415
"SLV";"El Salvador";222;9227.89759;9227.89759;9227.89759;9227.89759;9227.89759;9227.89759;9227.89759;9227.89759;9227.89759;9227.89759;9227.89759;9227.89759;9227.89759;9227.89759;9227.89759;9227.89759;9227.89759
"GNQ";"Equatorial Guinea";226;12132.10407;12132.10407;12132.10407;12132.10407;12132.10407;12132.10407;12132.10407;12132.10407;12132.10407;12132.10407;12132.10407;12132.10407;12132.10407;12132.10407;12132.10407;12132.10407;12132.10407
"ETH";"Ethiopia";231;11004.68299;11004.68299;11004.68299;11004.68299;11004.68299;11004.68299;11004.68299;11004.68299;11004.68299;11004.68299;11004.68299;11004.68299;11004.68299;11004.68299;11004.68299;11004.68299;11004.68299
"ERI";"Eritrea";232;10860.55553;10860.55553;10860.55553;10860.55553;10860.55553;10860.55553;10860.55553;10860.55553;10860.55553;10860.55553;10860.55553;10860.55553;10860.55553;10860.55553;10860.55553;10860.55553;10860.55553
"EST";"Estonia";233;3561.377405;3561.377405;3561.377405;3561.377405;3561.377405;3561.377405;3561.377405;3561.377405;3561.377405;3561.377405;3561.377405;3561.377405;3561.377405;3561.377405;3561.377405;3561.377405;3561.377405
"FRO";"Faroe Islands";234;4055.095489;4055.095489;4055.095489;4055.095489;4055.095489;4055.095489;4055.095489;4055.095489;4055.095489;4055.095489;4055.095489;4055.095489;4055.095489;4055.095489;4055.095489;4055.095489;4055.095489
"FLK";"Falkland Islands (Malvinas)";238;2632.716388;2632.716388;2632.716388;2632.716388;2632.716388;2632.716388;2632.716388;2632.716388;2632.716388;2632.716388;2632.716388;2632.716388;2632.716388;2632.716388;2632.716388;2632.716388;2632.716388
"FJI";"Fiji";242;3957.975639;3957.975639;3957.975639;3957.975639;3957.975639;3957.975639;3957.975639;3957.975639;3957.975639;3957.975639;3957.975639;3957.975639;3957.975639;3957.975639;3957.975639;3957.975639;3957.975639
"FIN";"Finland";246;4311.463047;4311.463047;4311.463047;4311.463047;4311.463047;4311.463047;4311.463047;4311.463047;4311.463047;4311.463047;4311.463047;4311.463047;4311.463047;4311.463047;4311.463047;4311.463047;4311.463047
"FRA";"France";250;7997.913819;7997.913819;7997.913819;7997.913819;7997.913819;7997.913819;7997.913819;7997.913819;7997.913819;7997.913819;7997.913819;7997.913819;7997.913819;7997.913819;7997.913819;7997.913819;7997.913819
"GUF";"French Guiana";254;5244.839059;5244.839059;5244.839059;5244.839059;5244.839059;5244.839059;5244.839059;5244.839059;5244.839059;5244.839059;5244.839059;5244.839059;5244.839059;5244.839059;5244.839059;5244.839059;5244.839059
"PYF";"French Polynesia";258;12122.88271;12122.88271;12122.88271;12122.88271;12122.88271;12122.88271;12122.88271;12122.88271;12122.88271;12122.88271;12122.88271;12122.88271;12122.88271;12122.88271;12122.88271;12122.88271;12122.88271
"DJI";"Djibouti";262;11544.82405;11544.82405;11544.82405;11544.82405;11544.82405;11544.82405;11544.82405;11544.82405;11544.82405;11544.82405;11544.82405;11544.82405;11544.82405;11544.82405;11544.82405;11544.82405;11544.82405
"GAB";"Gabon";266;4811.464358;4811.464358;4811.464358;4811.464358;4811.464358;4811.464358;4811.464358;4811.464358;4811.464358;4811.464358;4811.464358;4811.464358;4811.464358;4811.464358;4811.464358;4811.464358;4811.464358
"GEO";"Georgia";268;6013.920931;6013.920931;6013.920931;6013.920931;6013.920931;6013.920931;6013.920931;6013.920931;6013.920931;6013.920931;6013.920931;6013.920931;6013.920931;6013.920931;6013.920931;6013.920931;6013.920931
"GMB";"Gambia";270;1856.348649;1856.348649;1856.348649;1856.348649;1856.348649;1856.348649;1856.348649;1856.348649;1856.348649;1856.348649;1856.348649;1856.348649;1856.348649;1856.348649;1856.348649;1856.348649;1856.348649
"PSE";"Occupied Palestinian Territory";275;5434.249801;5434.249801;5434.249801;5434.249801;5434.249801;5434.249801;5434.249801;5434.249801;5434.249801;5434.249801;5434.249801;5434.249801;5434.249801;5434.249801;5434.249801;5434.249801;5434.249801
"DEU";"Germany";276;8116.916634;8116.916634;8116.916634;8116.916634;8116.916634;8116.916634;8116.916634;8116.916634;8116.916634;8116.916634;8116.916634;8116.916634;8116.916634;8116.916634;8116.916634;8116.916634;8116.916634
"GHA";"Ghana";288;3197.61881;3197.61881;3197.61881;3197.61881;3197.61881;3197.61881;3197.61881;3197.61881;3197.61881;3197.61881;3197.61881;3197.61881;3197.61881;3197.61881;3197.61881;3197.61881;3197.61881
"GIB";"Gibraltar";292;3161.759546;3161.759546;3161.759546;3161.759546;3161.759546;3161.759546;3161.759546;3161.759546;3161.759546;3161.759546;3161.759546;3161.759546;3161.759546;3161.759546;3161.759546;3161.759546;3161.759546
"KIR";"Kiribati";296;20544.90961;20544.90961;20544.90961;20544.90961;20544.90961;20544.90961;20544.90961;20544.90961;20544.90961;20544.90961;20544.90961;20544.90961;20544.90961;20544.90961;20544.90961;20544.90961;20544.90961
"GRC";"Greece";300;12971.84094;12971.84094;12971.84094;12971.84094;12971.84094;12971.84094;12971.84094;12971.84094;12971.84094;12971.84094;12971.84094;12971.84094;12971.84094;12971.84094;12971.84094;12971.84094;12971.84094
"GRL";"Greenland";304;1879.97016;1879.97016;1879.97016;1879.97016;1879.97016;1879.97016;1879.97016;1879.97016;1879.97016;1879.97016;1879.97016;1879.97016;1879.97016;1879.97016;1879.97016;1879.97016;1879.97016
"GRD";"Grenada";308;4396.482248;4396.482248;4396.482248;4396.482248;4396.482248;4396.482248;4396.482248;4396.482248;4396.482248;4396.482248;4396.482248;4396.482248;4396.482248;4396.482248;4396.482248;4396.482248;4396.482248
"GLP";"Guadeloupe";312;9873.703725;9873.703725;9873.703725;9873.703725;9873.703725;9873.703725;9873.703725;9873.703725;9873.703725;9873.703725;9873.703725;9873.703725;9873.703725;9873.703725;9873.703725;9873.703725;9873.703725
"GUM";"Guam";316;293.2251673;293.2251673;293.2251673;293.2251673;293.2251673;293.2251673;293.2251673;293.2251673;293.2251673;293.2251673;293.2251673;293.2251673;293.2251673;293.2251673;293.2251673;293.2251673;293.2251673
"GTM";"Guatemala";320;4771.160871;4771.160871;4771.160871;4771.160871;4771.160871;4771.160871;4771.160871;4771.160871;4771.160871;4771.160871;4771.160871;4771.160871;4771.160871;4771.160871;4771.160871;4771.160871;4771.160871
"GIN";"Guinea";324;6579.585671;6579.585671;6579.585671;6579.585671;6579.585671;6579.585671;6579.585671;6579.585671;6579.585671;6579.585671;6579.585671;6579.585671;6579.585671;6579.585671;6579.585671;6579.585671;6579.585671
"GUY";"Guyana";328;725.8668374;725.8668374;725.8668374;725.8668374;725.8668374;725.8668374;725.8668374;725.8668374;725.8668374;725.8668374;725.8668374;725.8668374;725.8668374;725.8668374;725.8668374;725.8668374;725.8668374
"HTI";"Haiti";332;9103.201162;9103.201162;9103.201162;9103.201162;9103.201162;9103.201162;9103.201162;9103.201162;9103.201162;9103.201162;9103.201162;9103.201162;9103.201162;9103.201162;9103.201162;9103.201162;9103.201162
"HMD";"Heard Island and McDonald Islands";334;100;100;100;100;100;100;100;100;100;100;100;100;100;100;100;100;100
"VAT";"Holy See (the)";336;1006.925127;1006.925127;1006.925127;1006.925127;1006.925127;1006.925127;1006.925127;1006.925127;1006.925127;1006.925127;1006.925127;1006.925127;1006.925127;1006.925127;1006.925127;1006.925127;1006.925127
"HND";"Honduras";340;6517.928014;6517.928014;6517.928014;6517.928014;6517.928014;6517.928014;6517.928014;6517.928014;6517.928014;6517.928014;6517.928014;6517.928014;6517.928014;6517.928014;6517.928014;6517.928014;6517.928014
"HKG";"Hong Kong";344;26102.17065;26102.17065;26102.17065;26102.17065;26102.17065;26102.17065;26102.17065;26102.17065;26102.17065;26102.17065;26102.17065;26102.17065;26102.17065;26102.17065;26102.17065;26102.17065;26102.17065
"HUN";"Hungary";348;6663.370044;6663.370044;6663.370044;6663.370044;6663.370044;6663.370044;6663.370044;6663.370044;6663.370044;6663.370044;6663.370044;6663.370044;6663.370044;6663.370044;6663.370044;6663.370044;6663.370044
"ISL";"Iceland";352;3411.1683;3411.1683;3411.1683;3411.1683;3411.1683;3411.1683;3411.1683;3411.1683;3411.1683;3411.1683;3411.1683;3411.1683;3411.1683;3411.1683;3411.1683;3411.1683;3411.1683
"IND";"India";356;13926.88966;13926.88966;13926.88966;13926.88966;13926.88966;13926.88966;13926.88966;13926.88966;13926.88966;13926.88966;13926.88966;13926.88966;13926.88966;13926.88966;13926.88966;13926.88966;13926.88966
"IDN";"Indonesia";360;9194.241864;9194.241864;9194.241864;9194.241864;9194.241864;9194.241864;9194.241864;9194.241864;9194.241864;9194.241864;9194.241864;9194.241864;9194.241864;9194.241864;9194.241864;9194.241864;9194.241864
"IRN";"Iran (Islamic Republic of)";364;8638.867341;8638.867341;8638.867341;8638.867341;8638.867341;8638.867341;8638.867341;8638.867341;8638.867341;8638.867341;8638.867341;8638.867341;8638.867341;8638.867341;8638.867341;8638.867341;8638.867341
"IRQ";"Iraq";368;8638.867341;8638.867341;8638.867341;8638.867341;8638.867341;8638.867341;8638.867341;8638.867341;8638.867341;8638.867341;8638.867341;8638.867341;8638.867341;8638.867341;8638.867341;8638.867341;8638.867341
"IRL";"Ireland";372;2828.73374;2828.73374;2828.73374;2828.73374;2828.73374;2828.73374;2828.73374;2828.73374;2828.73374;2828.73374;2828.73374;2828.73374;2828.73374;2828.73374;2828.73374;2828.73374;2828.73374
"ISR";"Israel";376;4152.145703;4152.145703;4152.145703;4152.145703;4152.145703;4152.145703;4152.145703;4152.145703;4152.145703;4152.145703;4152.145703;4152.145703;4152.145703;4152.145703;4152.145703;4152.145703;4152.145703
"ITA";"Italy";380;4838.82214;4838.82214;4838.82214;4838.82214;4838.82214;4838.82214;4838.82214;4838.82214;4838.82214;4838.82214;4838.82214;4838.82214;4838.82214;4838.82214;4838.82214;4838.82214;4838.82214
"CIV";"Cote d'Ivoire";384;6346.48974;6346.48974;6346.48974;6346.48974;6346.48974;6346.48974;6346.48974;6346.48974;6346.48974;6346.48974;6346.48974;6346.48974;6346.48974;6346.48974;6346.48974;6346.48974;6346.48974
"JAM";"Jamaica";388;3816.940799;3816.940799;3816.940799;3816.940799;3816.940799;3816.940799;3816.940799;3816.940799;3816.940799;3816.940799;3816.940799;3816.940799;3816.940799;3816.940799;3816.940799;3816.940799;3816.940799
"JPN";"Japan";392;5917.140686;5917.140686;5917.140686;5917.140686;5917.140686;5917.140686;5917.140686;5917.140686;5917.140686;5917.140686;5917.140686;5917.140686;5917.140686;5917.140686;5917.140686;5917.140686;5917.140686
"KAZ";"Kazakhstan";398;4211.429579;4211.429579;4211.429579;4211.429579;4211.429579;4211.429579;4211.429579;4211.429579;4211.429579;4211.429579;4211.429579;4211.429579;4211.429579;4211.429579;4211.429579;4211.429579;4211.429579
"JOR";"Jordan";400;6034.865631;6034.865631;6034.865631;6034.865631;6034.865631;6034.865631;6034.865631;6034.865631;6034.865631;6034.865631;6034.865631;6034.865631;6034.865631;6034.865631;6034.865631;6034.865631;6034.865631
"KEN";"Kenya";404;8508.676347;8508.676347;8508.676347;8508.676347;8508.676347;8508.676347;8508.676347;8508.676347;8508.676347;8508.676347;8508.676347;8508.676347;8508.676347;8508.676347;8508.676347;8508.676347;8508.676347
"PRK";"Democratic People's Republic of Korea";408;20650.41307;20650.41307;20650.41307;20650.41307;20650.41307;20650.41307;20650.41307;20650.41307;20650.41307;20650.41307;20650.41307;20650.41307;20650.41307;20650.41307;20650.41307;20650.41307;20650.41307
"KOR";"Republic of Korea";410;16037.72727;16037.72727;16037.72727;16037.72727;16037.72727;16037.72727;16037.72727;16037.72727;16037.72727;16037.72727;16037.72727;16037.72727;16037.72727;16037.72727;16037.72727;16037.72727;16037.72727
"KWT";"Kuwait";414;3969.668298;3969.668298;3969.668298;3969.668298;3969.668298;3969.668298;3969.668298;3969.668298;3969.668298;3969.668298;3969.668298;3969.668298;3969.668298;3969.668298;3969.668298;3969.668298;3969.668298
"KGZ";"Kyrgyzstan";417;3969.668298;3969.668298;3969.668298;3969.668298;3969.668298;3969.668298;3969.668298;3969.668298;3969.668298;3969.668298;3969.668298;3969.668298;3969.668298;3969.668298;3969.668298;3969.668298;3969.668298
"LAO";"Lao People's Democratic Republic";418;13632.48398;13632.48398;13632.48398;13632.48398;13632.48398;13632.48398;13632.48398;13632.48398;13632.48398;13632.48398;13632.48398;13632.48398;13632.48398;13632.48398;13632.48398;13632.48398;13632.48398
"LBN";"Lebanon";422;4177.303009;4177.303009;4177.303009;4177.303009;4177.303009;4177.303009;4177.303009;4177.303009;4177.303009;4177.303009;4177.303009;4177.303009;4177.303009;4177.303009;4177.303009;4177.303009;4177.303009
"LSO";"Lesotho";426;1676.557042;1676.557042;1676.557042;1676.557042;1676.557042;1676.557042;1676.557042;1676.557042;1676.557042;1676.557042;1676.557042;1676.557042;1676.557042;1676.557042;1676.557042;1676.557042;1676.557042
"LVA";"Latvia";428;4269.575657;4269.575657;4269.575657;4269.575657;4269.575657;4269.575657;4269.575657;4269.575657;4269.575657;4269.575657;4269.575657;4269.575657;4269.575657;4269.575657;4269.575657;4269.575657;4269.575657
"LBR";"Liberia";430;2112.881341;2112.881341;2112.881341;2112.881341;2112.881341;2112.881341;2112.881341;2112.881341;2112.881341;2112.881341;2112.881341;2112.881341;2112.881341;2112.881341;2112.881341;2112.881341;2112.881341
"LBY";"Libyan Arab Jamahiriya";434;6133.201868;6133.201868;6133.201868;6133.201868;6133.201868;6133.201868;6133.201868;6133.201868;6133.201868;6133.201868;6133.201868;6133.201868;6133.201868;6133.201868;6133.201868;6133.201868;6133.201868
"LIE";"Liechtenstein";438;8677.299244;8677.299244;8677.299244;8677.299244;8677.299244;8677.299244;8677.299244;8677.299244;8677.299244;8677.299244;8677.299244;8677.299244;8677.299244;8677.299244;8677.299244;8677.299244;8677.299244
"LTU";"Lithuania";440;4109.177056;4109.177056;4109.177056;4109.177056;4109.177056;4109.177056;4109.177056;4109.177056;4109.177056;4109.177056;4109.177056;4109.177056;4109.177056;4109.177056;4109.177056;4109.177056;4109.177056
"LUX";"Luxembourg";442;1751.03949;1751.03949;1751.03949;1751.03949;1751.03949;1751.03949;1751.03949;1751.03949;1751.03949;1751.03949;1751.03949;1751.03949;1751.03949;1751.03949;1751.03949;1751.03949;1751.03949
"MAC";"Macao";446;18107.95794;18107.95794;18107.95794;18107.95794;18107.95794;18107.95794;18107.95794;18107.95794;18107.95794;18107.95794;18107.95794;18107.95794;18107.95794;18107.95794;18107.95794;18107.95794;18107.95794
"MDG";"Madagascar";450;28183.06897;28183.06897;28183.06897;28183.06897;28183.06897;28183.06897;28183.06897;28183.06897;28183.06897;28183.06897;28183.06897;28183.06897;28183.06897;28183.06897;28183.06897;28183.06897;28183.06897
"MWI";"Malawi";454;7315.26377;7315.26377;7315.26377;7315.26377;7315.26377;7315.26377;7315.26377;7315.26377;7315.26377;7315.26377;7315.26377;7315.26377;7315.26377;7315.26377;7315.26377;7315.26377;7315.26377
"MYS";"Malaysia";458;3512.923518;3512.923518;3512.923518;3512.923518;3512.923518;3512.923518;3512.923518;3512.923518;3512.923518;3512.923518;3512.923518;3512.923518;3512.923518;3512.923518;3512.923518;3512.923518;3512.923518
"MDV";"Maldives";462;374.9122908;374.9122908;374.9122908;374.9122908;374.9122908;374.9122908;374.9122908;374.9122908;374.9122908;374.9122908;374.9122908;374.9122908;374.9122908;374.9122908;374.9122908;374.9122908;374.9122908
"MLI";"Mali";466;6114.139516;6114.139516;6114.139516;6114.139516;6114.139516;6114.139516;6114.139516;6114.139516;6114.139516;6114.139516;6114.139516;6114.139516;6114.139516;6114.139516;6114.139516;6114.139516;6114.139516
"MLT";"Malta";470;29352.44125;29352.44125;29352.44125;29352.44125;29352.44125;29352.44125;29352.44125;29352.44125;29352.44125;29352.44125;29352.44125;29352.44125;29352.44125;29352.44125;29352.44125;29352.44125;29352.44125
"MTQ";"Martinique";474;4726.844949;4726.844949;4726.844949;4726.844949;4726.844949;4726.844949;4726.844949;4726.844949;4726.844949;4726.844949;4726.844949;4726.844949;4726.844949;4726.844949;4726.844949;4726.844949;4726.844949
"MRT";"Mauritania";478;5934.464697;5934.464697;5934.464697;5934.464697;5934.464697;5934.464697;5934.464697;5934.464697;5934.464697;5934.464697;5934.464697;5934.464697;5934.464697;5934.464697;5934.464697;5934.464697;5934.464697
"MUS";"Mauritius";480;3947.570407;3947.570407;3947.570407;3947.570407;3947.570407;3947.570407;3947.570407;3947.570407;3947.570407;3947.570407;3947.570407;3947.570407;3947.570407;3947.570407;3947.570407;3947.570407;3947.570407
"MEX";"Mexico";484;6607.861231;6607.861231;6607.861231;6607.861231;6607.861231;6607.861231;6607.861231;6607.861231;6607.861231;6607.861231;6607.861231;6607.861231;6607.861231;6607.861231;6607.861231;6607.861231;6607.861231
"MCO";"Monaco";492;16389.92161;16389.92161;16389.92161;16389.92161;16389.92161;16389.92161;16389.92161;16389.92161;16389.92161;16389.92161;16389.92161;16389.92161;16389.92161;16389.92161;16389.92161;16389.92161;16389.92161
"MNG";"Mongolia";496;7887.852305;7887.852305;7887.852305;7887.852305;7887.852305;7887.852305;7887.852305;7887.852305;7887.852305;7887.852305;7887.852305;7887.852305;7887.852305;7887.852305;7887.852305;7887.852305;7887.852305
"MDA";"Moldova Republic of";498;5957.169426;5957.169426;5957.169426;5957.169426;5957.169426;5957.169426;5957.169426;5957.169426;5957.169426;5957.169426;5957.169426;5957.169426;5957.169426;5957.169426;5957.169426;5957.169426;5957.169426
"MSR";"Montserrat";500;140.2240736;140.2240736;140.2240736;140.2240736;140.2240736;140.2240736;140.2240736;140.2240736;140.2240736;140.2240736;140.2240736;140.2240736;140.2240736;140.2240736;140.2240736;140.2240736;140.2240736
"MAR";"Morocco";504;12052.84619;12052.84619;12052.84619;12052.84619;12052.84619;12052.84619;12052.84619;12052.84619;12052.84619;12052.84619;12052.84619;12052.84619;12052.84619;12052.84619;12052.84619;12052.84619;12052.84619
"MOZ";"Mozambique";508;10235.52187;10235.52187;10235.52187;10235.52187;10235.52187;10235.52187;10235.52187;10235.52187;10235.52187;10235.52187;10235.52187;10235.52187;10235.52187;10235.52187;10235.52187;10235.52187;10235.52187
"OMN";"Oman";512;2690.287879;2690.287879;2690.287879;2690.287879;2690.287879;2690.287879;2690.287879;2690.287879;2690.287879;2690.287879;2690.287879;2690.287879;2690.287879;2690.287879;2690.287879;2690.287879;2690.287879
"NAM";"Namibia";516;2309.276931;2309.276931;2309.276931;2309.276931;2309.276931;2309.276931;2309.276931;2309.276931;2309.276931;2309.276931;2309.276931;2309.276931;2309.276931;2309.276931;2309.276931;2309.276931;2309.276931
"NRU";"Nauru";520;176.3339859;176.3339859;176.3339859;176.3339859;176.3339859;176.3339859;176.3339859;176.3339859;176.3339859;176.3339859;176.3339859;176.3339859;176.3339859;176.3339859;176.3339859;176.3339859;176.3339859
"NPL";"Nepal";524;11769.90369;11769.90369;11769.90369;11769.90369;11769.90369;11769.90369;11769.90369;11769.90369;11769.90369;11769.90369;11769.90369;11769.90369;11769.90369;11769.90369;11769.90369;11769.90369;11769.90369
"NLD";"Netherlands";528;4155.879355;4155.879355;4155.879355;4155.879355;4155.879355;4155.879355;4155.879355;4155.879355;4155.879355;4155.879355;4155.879355;4155.879355;4155.879355;4155.879355;4155.879355;4155.879355;4155.879355
"ANT";"Netherlands Antilles";530;2231.355503;2231.355503;2231.355503;2231.355503;2231.355503;2231.355503;2231.355503;2231.355503;2231.355503;2231.355503;2231.355503;2231.355503;2231.355503;2231.355503;2231.355503;2231.355503;2231.355503
"ABW";"Aruba";533;1346.842221;1346.842221;1346.842221;1346.842221;1346.842221;1346.842221;1346.842221;1346.842221;1346.842221;1346.842221;1346.842221;1346.842221;1346.842221;1346.842221;1346.842221;1346.842221;1346.842221
"NCL";"New Caledonia";540;1933.804019;1933.804019;1933.804019;1933.804019;1933.804019;1933.804019;1933.804019;1933.804019;1933.804019;1933.804019;1933.804019;1933.804019;1933.804019;1933.804019;1933.804019;1933.804019;1933.804019
"VUT";"Vanuatu";548;2508.260754;2508.260754;2508.260754;2508.260754;2508.260754;2508.260754;2508.260754;2508.260754;2508.260754;2508.260754;2508.260754;2508.260754;2508.260754;2508.260754;2508.260754;2508.260754;2508.260754
"NZL";"New Zealand";554;1211.654887;1211.654887;1211.654887;1211.654887;1211.654887;1211.654887;1211.654887;1211.654887;1211.654887;1211.654887;1211.654887;1211.654887;1211.654887;1211.654887;1211.654887;1211.654887;1211.654887
"NIC";"Nicaragua";558;9101.634418;9101.634418;9101.634418;9101.634418;9101.634418;9101.634418;9101.634418;9101.634418;9101.634418;9101.634418;9101.634418;9101.634418;9101.634418;9101.634418;9101.634418;9101.634418;9101.634418
"NER";"Niger";562;5525.845002;5525.845002;5525.845002;5525.845002;5525.845002;5525.845002;5525.845002;5525.845002;5525.845002;5525.845002;5525.845002;5525.845002;5525.845002;5525.845002;5525.845002;5525.845002;5525.845002
"NGA";"Nigeria";566;11769.90369;11769.90369;11769.90369;11769.90369;11769.90369;11769.90369;11769.90369;11769.90369;11769.90369;11769.90369;11769.90369;11769.90369;11769.90369;11769.90369;11769.90369;11769.90369;11769.90369
"NIU";"Niue";570;4051.938256;4051.938256;4051.938256;4051.938256;4051.938256;4051.938256;4051.938256;4051.938256;4051.938256;4051.938256;4051.938256;4051.938256;4051.938256;4051.938256;4051.938256;4051.938256;4051.938256
"NFK";"Norfolk Island";574;5246.361311;5246.361311;5246.361311;5246.361311;5246.361311;5246.361311;5246.361311;5246.361311;5246.361311;5246.361311;5246.361311;5246.361311;5246.361311;5246.361311;5246.361311;5246.361311;5246.361311
"NOR";"Norway";578;2403.101462;2403.101462;2403.101462;2403.101462;2403.101462;2403.101462;2403.101462;2403.101462;2403.101462;2403.101462;2403.101462;2403.101462;2403.101462;2403.101462;2403.101462;2403.101462;2403.101462
"MNP";"Northern Mariana Islands";580;289.4459091;289.4459091;289.4459091;289.4459091;289.4459091;289.4459091;289.4459091;289.4459091;289.4459091;289.4459091;289.4459091;289.4459091;289.4459091;289.4459091;289.4459091;289.4459091;289.4459091
"FSM";"Micronesia (Federated States of)";583;3294.929625;3294.929625;3294.929625;3294.929625;3294.929625;3294.929625;3294.929625;3294.929625;3294.929625;3294.929625;3294.929625;3294.929625;3294.929625;3294.929625;3294.929625;3294.929625;3294.929625
"MHL";"Marshall Islands";584;1176.956226;1176.956226;1176.956226;1176.956226;1176.956226;1176.956226;1176.956226;1176.956226;1176.956226;1176.956226;1176.956226;1176.956226;1176.956226;1176.956226;1176.956226;1176.956226;1176.956226
"PLW";"Palau";585;1349.988598;1349.988598;1349.988598;1349.988598;1349.988598;1349.988598;1349.988598;1349.988598;1349.988598;1349.988598;1349.988598;1349.988598;1349.988598;1349.988598;1349.988598;1349.988598;1349.988598
"PAK";"Pakistan";586;10937.34599;10937.34599;10937.34599;10937.34599;10937.34599;10937.34599;10937.34599;10937.34599;10937.34599;10937.34599;10937.34599;10937.34599;10937.34599;10937.34599;10937.34599;10937.34599;10937.34599
"PAN";"Panama";591;4753.305099;4753.305099;4753.305099;4753.305099;4753.305099;4753.305099;4753.305099;4753.305099;4753.305099;4753.305099;4753.305099;4753.305099;4753.305099;4753.305099;4753.305099;4753.305099;4753.305099
"PNG";"Papua New Guinea";598;5204.637578;5204.637578;5204.637578;5204.637578;5204.637578;5204.637578;5204.637578;5204.637578;5204.637578;5204.637578;5204.637578;5204.637578;5204.637578;5204.637578;5204.637578;5204.637578;5204.637578
"PRY";"Paraguay";600;9012.21145;9012.21145;9012.21145;9012.21145;9012.21145;9012.21145;9012.21145;9012.21145;9012.21145;9012.21145;9012.21145;9012.21145;9012.21145;9012.21145;9012.21145;9012.21145;9012.21145
"PER";"Peru";604;11448.75469;11448.75469;11448.75469;11448.75469;11448.75469;11448.75469;11448.75469;11448.75469;11448.75469;11448.75469;11448.75469;11448.75469;11448.75469;11448.75469;11448.75469;11448.75469;11448.75469
"PHL";"Philippines";608;8694.543585;8694.543585;8694.543585;8694.543585;8694.543585;8694.543585;8694.543585;8694.543585;8694.543585;8694.543585;8694.543585;8694.543585;8694.543585;8694.543585;8694.543585;8694.543585;8694.543585
"PCN";"Pitcairn Island";612;100;100;100;100;100;100;100;100;100;100;100;100;100;100;100;100;100
"POL";"Poland";616;3777.317653;3777.317653;3777.317653;3777.317653;3777.317653;3777.317653;3777.317653;3777.317653;3777.317653;3777.317653;3777.317653;3777.317653;3777.317653;3777.317653;3777.317653;3777.317653;3777.317653
"PRT";"Portugal";620;3357.300462;3357.300462;3357.300462;3357.300462;3357.300462;3357.300462;3357.300462;3357.300462;3357.300462;3357.300462;3357.300462;3357.300462;3357.300462;3357.300462;3357.300462;3357.300462;3357.300462
"GNB";"Guinea-Bissau";624;5328.575758;5328.575758;5328.575758;5328.575758;5328.575758;5328.575758;5328.575758;5328.575758;5328.575758;5328.575758;5328.575758;5328.575758;5328.575758;5328.575758;5328.575758;5328.575758;5328.575758
"TLS";"Timor-Leste";626;157.8675913;157.8675913;157.8675913;157.8675913;157.8675913;157.8675913;157.8675913;157.8675913;157.8675913;157.8675913;157.8675913;157.8675913;157.8675913;157.8675913;157.8675913;157.8675913;157.8675913
"PRI";"Puerto Rico";630;1349.988598;1349.988598;1349.988598;1349.988598;1349.988598;1349.988598;1349.988598;1349.988598;1349.988598;1349.988598;1349.988598;1349.988598;1349.988598;1349.988598;1349.988598;1349.988598;1349.988598
"QAT";"Qatar";634;2635.732271;2635.732271;2635.732271;2635.732271;2635.732271;2635.732271;2635.732271;2635.732271;2635.732271;2635.732271;2635.732271;2635.732271;2635.732271;2635.732271;2635.732271;2635.732271;2635.732271
"REU";"Reunion";638;4456.675466;4456.675466;4456.675466;4456.675466;4456.675466;4456.675466;4456.675466;4456.675466;4456.675466;4456.675466;4456.675466;4456.675466;4456.675466;4456.675466;4456.675466;4456.675466;4456.675466
"ROU";"Romania";642;7515.637342;7515.637342;7515.637342;7515.637342;7515.637342;7515.637342;7515.637342;7515.637342;7515.637342;7515.637342;7515.637342;7515.637342;7515.637342;7515.637342;7515.637342;7515.637342;7515.637342
"RUS";"Russian Federation";643;5477.875979;5477.875979;5477.875979;5477.875979;5477.875979;5477.875979;5477.875979;5477.875979;5477.875979;5477.875979;5477.875979;5477.875979;5477.875979;5477.875979;5477.875979;5477.875979;5477.875979
"RWA";"Rwanda";646;9230.871954;9230.871954;9230.871954;9230.871954;9230.871954;9230.871954;9230.871954;9230.871954;9230.871954;9230.871954;9230.871954;9230.871954;9230.871954;9230.871954;9230.871954;9230.871954;9230.871954
"SHN";"Saint Helena Ascension and Tristan da Cunha";654;12934.12292;12934.12292;12934.12292;12934.12292;12934.12292;12934.12292;12934.12292;12934.12292;12934.12292;12934.12292;12934.12292;12934.12292;12934.12292;12934.12292;12934.12292;12934.12292;12934.12292
"KNA";"Saint Kitts and Nevis";659;17463.44487;17463.44487;17463.44487;17463.44487;17463.44487;17463.44487;17463.44487;17463.44487;17463.44487;17463.44487;17463.44487;17463.44487;17463.44487;17463.44487;17463.44487;17463.44487;17463.44487
"AIA";"Anguilla";660;18027.97378;18027.97378;18027.97378;18027.97378;18027.97378;18027.97378;18027.97378;18027.97378;18027.97378;18027.97378;18027.97378;18027.97378;18027.97378;18027.97378;18027.97378;18027.97378;18027.97378
"LCA";"Saint Lucia";662;25922.5854;25922.5854;25922.5854;25922.5854;25922.5854;25922.5854;25922.5854;25922.5854;25922.5854;25922.5854;25922.5854;25922.5854;25922.5854;25922.5854;25922.5854;25922.5854;25922.5854
"SPM";"Saint Pierre and Miquelon";666;5181.832742;5181.832742;5181.832742;5181.832742;5181.832742;5181.832742;5181.832742;5181.832742;5181.832742;5181.832742;5181.832742;5181.832742;5181.832742;5181.832742;5181.832742;5181.832742;5181.832742
"VCT";"Saint Vincent and the Grenadines";670;4813.352239;4813.352239;4813.352239;4813.352239;4813.352239;4813.352239;4813.352239;4813.352239;4813.352239;4813.352239;4813.352239;4813.352239;4813.352239;4813.352239;4813.352239;4813.352239;4813.352239
"SMR";"San Marino";674;4442.765368;4442.765368;4442.765368;4442.765368;4442.765368;4442.765368;4442.765368;4442.765368;4442.765368;4442.765368;4442.765368;4442.765368;4442.765368;4442.765368;4442.765368;4442.765368;4442.765368
"STP";"Sao Tome and Principe";678;2845.147356;2845.147356;2845.147356;2845.147356;2845.147356;2845.147356;2845.147356;2845.147356;2845.147356;2845.147356;2845.147356;2845.147356;2845.147356;2845.147356;2845.147356;2845.147356;2845.147356
"SAU";"Saudi Arabia";682;5275.729634;5275.729634;5275.729634;5275.729634;5275.729634;5275.729634;5275.729634;5275.729634;5275.729634;5275.729634;5275.729634;5275.729634;5275.729634;5275.729634;5275.729634;5275.729634;5275.729634
"SEN";"Senegal";686;15080.49365;15080.49365;15080.49365;15080.49365;15080.49365;15080.49365;15080.49365;15080.49365;15080.49365;15080.49365;15080.49365;15080.49365;15080.49365;15080.49365;15080.49365;15080.49365;15080.49365
"SYC";"Seychelles";690;4467.086769;4467.086769;4467.086769;4467.086769;4467.086769;4467.086769;4467.086769;4467.086769;4467.086769;4467.086769;4467.086769;4467.086769;4467.086769;4467.086769;4467.086769;4467.086769;4467.086769
"SLE";"Sierra Leone";694;6237.30692;6237.30692;6237.30692;6237.30692;6237.30692;6237.30692;6237.30692;6237.30692;6237.30692;6237.30692;6237.30692;6237.30692;6237.30692;6237.30692;6237.30692;6237.30692;6237.30692
"SGP";"Singapore";702;6132.156837;6132.156837;6132.156837;6132.156837;6132.156837;6132.156837;6132.156837;6132.156837;6132.156837;6132.156837;6132.156837;6132.156837;6132.156837;6132.156837;6132.156837;6132.156837;6132.156837
"SVK";"Slovakia";703;3369.316924;3369.316924;3369.316924;3369.316924;3369.316924;3369.316924;3369.316924;3369.316924;3369.316924;3369.316924;3369.316924;3369.316924;3369.316924;3369.316924;3369.316924;3369.316924;3369.316924
"VNM";"Viet Nam";704;10637.24155;10637.24155;10637.24155;10637.24155;10637.24155;10637.24155;10637.24155;10637.24155;10637.24155;10637.24155;10637.24155;10637.24155;10637.24155;10637.24155;10637.24155;10637.24155;10637.24155
"SVN";"Slovenia";705;4017.473747;4017.473747;4017.473747;4017.473747;4017.473747;4017.473747;4017.473747;4017.473747;4017.473747;4017.473747;4017.473747;4017.473747;4017.473747;4017.473747;4017.473747;4017.473747;4017.473747
"SOM";"Somalia";706;10786.92482;10786.92482;10786.92482;10786.92482;10786.92482;10786.92482;10786.92482;10786.92482;10786.92482;10786.92482;10786.92482;10786.92482;10786.92482;10786.92482;10786.92482;10786.92482;10786.92482
"ZAF";"South Africa";710;5275.729634;5275.729634;5275.729634;5275.729634;5275.729634;5275.729634;5275.729634;5275.729634;5275.729634;5275.729634;5275.729634;5275.729634;5275.729634;5275.729634;5275.729634;5275.729634;5275.729634
"ZWE";"Zimbabwe";716;2690.287879;2690.287879;2690.287879;2690.287879;2690.287879;2690.287879;2690.287879;2690.287879;2690.287879;2690.287879;2690.287879;2690.287879;2690.287879;2690.287879;2690.287879;2690.287879;2690.287879
"ESP";"Spain";724;5713.956704;5713.956704;5713.956704;5713.956704;5713.956704;5713.956704;5713.956704;5713.956704;5713.956704;5713.956704;5713.956704;5713.956704;5713.956704;5713.956704;5713.956704;5713.956704;5713.956704
"ESH";"Western Sahara";732;223.7582151;223.7582151;223.7582151;223.7582151;223.7582151;223.7582151;223.7582151;223.7582151;223.7582151;223.7582151;223.7582151;223.7582151;223.7582151;223.7582151;223.7582151;223.7582151;223.7582151
"SDN";"Sudan";729;5599.089598;5599.089598;5599.089598;5599.089598;5599.089598;5599.089598;5599.089598;5599.089598;5599.089598;5599.089598;5599.089598;5599.089598;5599.089598;5599.089598;5599.089598;5599.089598;5599.089598
"SUR";"Suriname";740;3274.025649;3274.025649;3274.025649;3274.025649;3274.025649;3274.025649;3274.025649;3274.025649;3274.025649;3274.025649;3274.025649;3274.025649;3274.025649;3274.025649;3274.025649;3274.025649;3274.025649
"SJM";"Svalbard and Jan Mayen Islands";744;281.8059833;281.8059833;281.8059833;281.8059833;281.8059833;281.8059833;281.8059833;281.8059833;281.8059833;281.8059833;281.8059833;281.8059833;281.8059833;281.8059833;281.8059833;281.8059833;281.8059833
"SWZ";"Swaziland";748;3217.945455;3217.945455;3217.945455;3217.945455;3217.945455;3217.945455;3217.945455;3217.945455;3217.945455;3217.945455;3217.945455;3217.945455;3217.945455;3217.945455;3217.945455;3217.945455;3217.945455
"SWE";"Sweden";752;4094.631181;4094.631181;4094.631181;4094.631181;4094.631181;4094.631181;4094.631181;4094.631181;4094.631181;4094.631181;4094.631181;4094.631181;4094.631181;4094.631181;4094.631181;4094.631181;4094.631181
"CHE";"Switzerland";756;4794.78797;4794.78797;4794.78797;4794.78797;4794.78797;4794.78797;4794.78797;4794.78797;4794.78797;4794.78797;4794.78797;4794.78797;4794.78797;4794.78797;4794.78797;4794.78797;4794.78797
"SYR";"Syrian Arab Republic";760;11223.27795;11223.27795;11223.27795;11223.27795;11223.27795;11223.27795;11223.27795;11223.27795;11223.27795;11223.27795;11223.27795;11223.27795;11223.27795;11223.27795;11223.27795;11223.27795;11223.27795
"TJK";"Tajikistan";762;6581.790969;6581.790969;6581.790969;6581.790969;6581.790969;6581.790969;6581.790969;6581.790969;6581.790969;6581.790969;6581.790969;6581.790969;6581.790969;6581.790969;6581.790969;6581.790969;6581.790969
"THA";"Thailand";764;6729.927471;6729.927471;6729.927471;6729.927471;6729.927471;6729.927471;6729.927471;6729.927471;6729.927471;6729.927471;6729.927471;6729.927471;6729.927471;6729.927471;6729.927471;6729.927471;6729.927471
"TGO";"Togo";768;5464.378478;5464.378478;5464.378478;5464.378478;5464.378478;5464.378478;5464.378478;5464.378478;5464.378478;5464.378478;5464.378478;5464.378478;5464.378478;5464.378478;5464.378478;5464.378478;5464.378478
"TKL";"Tokelau";772;203.2268909;203.2268909;203.2268909;203.2268909;203.2268909;203.2268909;203.2268909;203.2268909;203.2268909;203.2268909;203.2268909;203.2268909;203.2268909;203.2268909;203.2268909;203.2268909;203.2268909
"TON";"Tonga";776;4592.94797;4592.94797;4592.94797;4592.94797;4592.94797;4592.94797;4592.94797;4592.94797;4592.94797;4592.94797;4592.94797;4592.94797;4592.94797;4592.94797;4592.94797;4592.94797;4592.94797
"TTO";"Trinidad and Tobago";780;8640.598533;8640.598533;8640.598533;8640.598533;8640.598533;8640.598533;8640.598533;8640.598533;8640.598533;8640.598533;8640.598533;8640.598533;8640.598533;8640.598533;8640.598533;8640.598533;8640.598533
"ARE";"United Arab Emirates";784;2632.716388;2632.716388;2632.716388;2632.716388;2632.716388;2632.716388;2632.716388;2632.716388;2632.716388;2632.716388;2632.716388;2632.716388;2632.716388;2632.716388;2632.716388;2632.716388;2632.716388
"TUN";"Tunisia";788;7907.206061;7907.206061;7907.206061;7907.206061;7907.206061;7907.206061;7907.206061;7907.206061;7907.206061;7907.206061;7907.206061;7907.206061;7907.206061;7907.206061;7907.206061;7907.206061;7907.206061
"TUR";"Turkey";792;8434.863636;8434.863636;8434.863636;8434.863636;8434.863636;8434.863636;8434.863636;8434.863636;8434.863636;8434.863636;8434.863636;8434.863636;8434.863636;8434.863636;8434.863636;8434.863636;8434.863636
"TKM";"Turkmenistan";795;4804.789389;4804.789389;4804.789389;4804.789389;4804.789389;4804.789389;4804.789389;4804.789389;4804.789389;4804.789389;4804.789389;4804.789389;4804.789389;4804.789389;4804.789389;4804.789389;4804.789389
"TCA";"Turks and Caicos Islands";796;285.4029409;285.4029409;285.4029409;285.4029409;285.4029409;285.4029409;285.4029409;285.4029409;285.4029409;285.4029409;285.4029409;285.4029409;285.4029409;285.4029409;285.4029409;285.4029409;285.4029409
"TUV";"Tuvalu";798;179.0972727;179.0972727;179.0972727;179.0972727;179.0972727;179.0972727;179.0972727;179.0972727;179.0972727;179.0972727;179.0972727;179.0972727;179.0972727;179.0972727;179.0972727;179.0972727;179.0972727
"UGA";"Uganda";800;4864.109984;4864.109984;4864.109984;4864.109984;4864.109984;4864.109984;4864.109984;4864.109984;4864.109984;4864.109984;4864.109984;4864.109984;4864.109984;4864.109984;4864.109984;4864.109984;4864.109984
"UKR";"Ukraine";804;5171.300849;5171.300849;5171.300849;5171.300849;5171.300849;5171.300849;5171.300849;5171.300849;5171.300849;5171.300849;5171.300849;5171.300849;5171.300849;5171.300849;5171.300849;5171.300849;5171.300849
"MKD";"The former Yugoslav Republic of Macedonia";807;5323.459136;5323.459136;5323.459136;5323.459136;5323.459136;5323.459136;5323.459136;5323.459136;5323.459136;5323.459136;5323.459136;5323.459136;5323.459136;5323.459136;5323.459136;5323.459136;5323.459136
"EGY";"Egypt";818;11738.16522;11738.16522;11738.16522;11738.16522;11738.16522;11738.16522;11738.16522;11738.16522;11738.16522;11738.16522;11738.16522;11738.16522;11738.16522;11738.16522;11738.16522;11738.16522;11738.16522
"GBR";"United Kingdom of Great Britain and Northern Ireland";826;7068.826145;7068.826145;7068.826145;7068.826145;7068.826145;7068.826145;7068.826145;7068.826145;7068.826145;7068.826145;7068.826145;7068.826145;7068.826145;7068.826145;7068.826145;7068.826145;7068.826145
"TZA";"United Republic of Tanzania";834;8225.068323;8225.068323;8225.068323;8225.068323;8225.068323;8225.068323;8225.068323;8225.068323;8225.068323;8225.068323;8225.068323;8225.068323;8225.068323;8225.068323;8225.068323;8225.068323;8225.068323
"USA";"United States of America";840;2155.78156;2155.78156;2155.78156;2155.78156;2155.78156;2155.78156;2155.78156;2155.78156;2155.78156;2155.78156;2155.78156;2155.78156;2155.78156;2155.78156;2155.78156;2155.78156;2155.78156
"VIR";"United States Virgin Islands";850;1303.043382;1303.043382;1303.043382;1303.043382;1303.043382;1303.043382;1303.043382;1303.043382;1303.043382;1303.043382;1303.043382;1303.043382;1303.043382;1303.043382;1303.043382;1303.043382;1303.043382
"BFA";"Burkina Faso";854;4547.137029;4547.137029;4547.137029;4547.137029;4547.137029;4547.137029;4547.137029;4547.137029;4547.137029;4547.137029;4547.137029;4547.137029;4547.137029;4547.137029;4547.137029;4547.137029;4547.137029
"URY";"Uruguay";858;5148.757367;5148.757367;5148.757367;5148.757367;5148.757367;5148.757367;5148.757367;5148.757367;5148.757367;5148.757367;5148.757367;5148.757367;5148.757367;5148.757367;5148.757367;5148.757367;5148.757367
"UZB";"Uzbekistan";860;3575.039717;3575.039717;3575.039717;3575.039717;3575.039717;3575.039717;3575.039717;3575.039717;3575.039717;3575.039717;3575.039717;3575.039717;3575.039717;3575.039717;3575.039717;3575.039717;3575.039717
"VEN";"Venezuela";862;7978.610422;7978.610422;7978.610422;7978.610422;7978.610422;7978.610422;7978.610422;7978.610422;7978.610422;7978.610422;7978.610422;7978.610422;7978.610422;7978.610422;7978.610422;7978.610422;7978.610422
"WLF";"Wallis and Futuna";876;263.9592856;263.9592856;263.9592856;263.9592856;263.9592856;263.9592856;263.9592856;263.9592856;263.9592856;263.9592856;263.9592856;263.9592856;263.9592856;263.9592856;263.9592856;263.9592856;263.9592856
"WSM";"Samoa";882;4135.773361;4135.773361;4135.773361;4135.773361;4135.773361;4135.773361;4135.773361;4135.773361;4135.773361;4135.773361;4135.773361;4135.773361;4135.773361;4135.773361;4135.773361;4135.773361;4135.773361
"YEM";"Yemen";887;4644.360188;4644.360188;4644.360188;4644.360188;4644.360188;4644.360188;4644.360188;4644.360188;4644.360188;4644.360188;4644.360188;4644.360188;4644.360188;4644.360188;4644.360188;4644.360188;4644.360188
"SRB";"Serbia";688;4086.92174;4086.92174;4086.92174;4086.92174;4086.92174;4086.92174;4086.92174;4086.92174;4086.92174;4086.92174;4086.92174;4086.92174;4086.92174;4086.92174;4086.92174;4086.92174;4086.92174
"ZMB";"Zambia";894;6729.927471;6729.927471;6729.927471;6729.927471;6729.927471;6729.927471;6729.927471;6729.927471;6729.927471;6729.927471;6729.927471;6729.927471;6729.927471;6729.927471;6729.927471;6729.927471;6729.927471
"MNE";"Montenegro";499;6729.927471;6729.927471;6729.927471;6729.927471;6729.927471;6729.927471;6729.927471;6729.927471;6729.927471;6729.927471;6729.927471;6729.927471;6729.927471;6729.927471;6729.927471;6729.927471;6729.927471
